<metadata xml:lang="en"><Esri><CreaDate>20240206</CreaDate><CreaTime>12104900</CreaTime><ArcGISFormat>1.0</ArcGISFormat><SyncOnce>FALSE</SyncOnce><DataProperties><itemProps><itemName Sync="TRUE">Precinct_Split_March2024_Final</itemName><imsContentType Sync="TRUE">002</imsContentType><itemLocation><linkage Sync="TRUE">file://\\IT3424\C$\Users\harperb\Desktop\Multnomah_Elections_Precinct_Split_2024\Precinct_Split_March2024_Final.shp</linkage><protocol Sync="TRUE">Local Area Network</protocol></itemLocation><itemSize Sync="TRUE">0.000</itemSize></itemProps><coordRef><type Sync="TRUE">Projected</type><geogcsn Sync="TRUE">GCS_North_American_1983_HARN</geogcsn><csUnits Sync="TRUE">Linear Unit: Foot (0.304800)</csUnits><peXml Sync="TRUE">&lt;ProjectedCoordinateSystem xsi:type='typens:ProjectedCoordinateSystem' xmlns:xsi='http://www.w3.org/2001/XMLSchema-instance' xmlns:xs='http://www.w3.org/2001/XMLSchema' xmlns:typens='http://www.esri.com/schemas/ArcGIS/2.9.0'&gt;&lt;WKT&gt;PROJCS[&amp;quot;NAD_1983_HARN_StatePlane_Oregon_North_FIPS_3601_Feet_Intl&amp;quot;,GEOGCS[&amp;quot;GCS_North_American_1983_HARN&amp;quot;,DATUM[&amp;quot;D_North_American_1983_HARN&amp;quot;,SPHEROID[&amp;quot;GRS_1980&amp;quot;,6378137.0,298.257222101]],PRIMEM[&amp;quot;Greenwich&amp;quot;,0.0],UNIT[&amp;quot;Degree&amp;quot;,0.0174532925199433]],PROJECTION[&amp;quot;Lambert_Conformal_Conic&amp;quot;],PARAMETER[&amp;quot;False_Easting&amp;quot;,8202099.737532808],PARAMETER[&amp;quot;False_Northing&amp;quot;,0.0],PARAMETER[&amp;quot;Central_Meridian&amp;quot;,-120.5],PARAMETER[&amp;quot;Standard_Parallel_1&amp;quot;,44.33333333333334],PARAMETER[&amp;quot;Standard_Parallel_2&amp;quot;,46.0],PARAMETER[&amp;quot;Latitude_Of_Origin&amp;quot;,43.66666666666666],UNIT[&amp;quot;Foot&amp;quot;,0.3048],AUTHORITY[&amp;quot;EPSG&amp;quot;,2913]]&lt;/WKT&gt;&lt;XOrigin&gt;-111333600&lt;/XOrigin&gt;&lt;YOrigin&gt;-98152500&lt;/YOrigin&gt;&lt;XYScale&gt;37675770.731007516&lt;/XYScale&gt;&lt;ZOrigin&gt;-100000&lt;/ZOrigin&gt;&lt;ZScale&gt;10000&lt;/ZScale&gt;&lt;MOrigin&gt;-100000&lt;/MOrigin&gt;&lt;MScale&gt;10000&lt;/MScale&gt;&lt;XYTolerance&gt;0.0032808398950131233&lt;/XYTolerance&gt;&lt;ZTolerance&gt;0.001&lt;/ZTolerance&gt;&lt;MTolerance&gt;0.001&lt;/MTolerance&gt;&lt;HighPrecision&gt;true&lt;/HighPrecision&gt;&lt;WKID&gt;2913&lt;/WKID&gt;&lt;LatestWKID&gt;2913&lt;/LatestWKID&gt;&lt;/ProjectedCoordinateSystem&gt;</peXml><projcsn Sync="TRUE">NAD_1983_HARN_StatePlane_Oregon_North_FIPS_3601_Feet_Intl</projcsn></coordRef><lineage><Process ToolSource="c:\program files\arcgis\pro\Resources\ArcToolbox\toolboxes\Data Management Tools.tbx\Project" Date="20231205" Time="101308">Project Elections_Precincts_and_Splits_2022 \\nas3\gisshare\dev\wigl\active\2022\20220104_Elections_OCVR\Elections_PrecinctsSplits_August2022_FGDB\dc8da019-2fbc-4171-98b2-19b9e2da6cc3.gdb\Elections_Precincts_and_Splits_2022_StatePlane PROJCS["NAD_1983_HARN_StatePlane_Oregon_North_FIPS_3601_Feet_Intl",GEOGCS["GCS_North_American_1983_HARN",DATUM["D_North_American_1983_HARN",SPHEROID["GRS_1980",6378137.0,298.257222101]],PRIMEM["Greenwich",0.0],UNIT["Degree",0.0174532925199433]],PROJECTION["Lambert_Conformal_Conic"],PARAMETER["False_Easting",8202099.737532808],PARAMETER["False_Northing",0.0],PARAMETER["Central_Meridian",-120.5],PARAMETER["Standard_Parallel_1",44.33333333333334],PARAMETER["Standard_Parallel_2",46.0],PARAMETER["Latitude_Of_Origin",43.66666666666666],UNIT["Foot",0.3048]] NAD_1983_HARN_To_WGS_1984_2 GEOGCS["GCS_WGS_1984",DATUM["D_WGS_1984",SPHEROID["WGS_1984",6378137.0,298.257223563]],PRIMEM["Greenwich",0.0],UNIT["Degree",0.0174532925199433]] NO_PRESERVE_SHAPE # NO_VERTICAL</Process><Process ToolSource="c:\program files\arcgis\pro\Resources\ArcToolbox\toolboxes\Data Management Tools.tbx\RepairGeometry" Date="20231205" Time="101541">RepairGeometry Elections_Precincts_and_Splits_2022_StatePlane DELETE_NULL Esri</Process><Process ToolSource="c:\program files\arcgis\pro\Resources\ArcToolbox\toolboxes\Data Management Tools.tbx\RepairGeometry" Date="20231205" Time="111853">RepairGeometry Elections_Precincts_and_Splits_2022_StatePlane DELETE_NULL Esri</Process><Process ToolSource="c:\program files\arcgis\pro\Resources\ArcToolbox\toolboxes\Analysis Tools.tbx\Union" Date="20231205" Time="114316">Union "Elections_Precincts_and_Splits_2022_StatePlane #;Portland_City_Council_Districts_StatePlane #" \\nas3\gisshare\dev\wigl\active\2022\20220104_Elections_OCVR\gdb\OCVR_2023_Dec05.gdb\Precinct_Split_CoP_union_12052023 "All attributes" # GAPS</Process><Process ToolSource="c:\program files\arcgis\pro\Resources\ArcToolbox\Toolboxes\Data Management Tools.tbx\DeleteField" Date="20231206" Time="083531">DeleteField Precinct_Split_CoP_union_12052023 FID_Elections_Precincts_and_Splits_2022_StatePlane "Delete Fields"</Process><Process ToolSource="c:\program files\arcgis\pro\Resources\ArcToolbox\Toolboxes\Data Management Tools.tbx\UpdateSchema" Date="20231206" Time="083747">UpdateSchema "CIMDATA=&lt;CIMStandardDataConnection xsi:type='typens:CIMStandardDataConnection' xmlns:xsi='http://www.w3.org/2001/XMLSchema-instance' xmlns:xs='http://www.w3.org/2001/XMLSchema' xmlns:typens='http://www.esri.com/schemas/ArcGIS/2.9.0'&gt;&lt;WorkspaceConnectionString&gt;DATABASE=\\nas3\gisshare\dev\wigl\active\2022\20220104_Elections_OCVR\gdb\OCVR_2023_Dec05.gdb&lt;/WorkspaceConnectionString&gt;&lt;WorkspaceFactory&gt;FileGDB&lt;/WorkspaceFactory&gt;&lt;Dataset&gt;Precinct_Split_CoP_union_12052023&lt;/Dataset&gt;&lt;DatasetType&gt;esriDTFeatureClass&lt;/DatasetType&gt;&lt;/CIMStandardDataConnection&gt;" &lt;operationSequence&gt;&lt;workflow&gt;&lt;DeleteField&gt;&lt;field_name&gt;FID_Portland_City_Council_Districts_StatePlane&lt;/field_name&gt;&lt;field_name&gt;OBJECTID_1&lt;/field_name&gt;&lt;field_name&gt;pop_total&lt;/field_name&gt;&lt;field_name&gt;Ideal_pop&lt;/field_name&gt;&lt;field_name&gt;Diff_Ideal&lt;/field_name&gt;&lt;field_name&gt;DDeviation&lt;/field_name&gt;&lt;field_name&gt;ODeviation&lt;/field_name&gt;&lt;field_name&gt;Shape_Leng&lt;/field_name&gt;&lt;/DeleteField&gt;&lt;/workflow&gt;&lt;/operationSequence&gt;</Process><Process ToolSource="c:\program files\arcgis\pro\Resources\ArcToolbox\Toolboxes\Data Management Tools.tbx\UpdateSchema" Date="20231206" Time="084243">UpdateSchema "CIMDATA=&lt;CIMStandardDataConnection xsi:type='typens:CIMStandardDataConnection' xmlns:xsi='http://www.w3.org/2001/XMLSchema-instance' xmlns:xs='http://www.w3.org/2001/XMLSchema' xmlns:typens='http://www.esri.com/schemas/ArcGIS/2.9.0'&gt;&lt;WorkspaceConnectionString&gt;DATABASE=\\nas3\gisshare\dev\wigl\active\2022\20220104_Elections_OCVR\gdb\OCVR_2023_Dec05.gdb&lt;/WorkspaceConnectionString&gt;&lt;WorkspaceFactory&gt;FileGDB&lt;/WorkspaceFactory&gt;&lt;Dataset&gt;Precinct_Split_CoP_union_12052023&lt;/Dataset&gt;&lt;DatasetType&gt;esriDTFeatureClass&lt;/DatasetType&gt;&lt;/CIMStandardDataConnection&gt;" &lt;operationSequence&gt;&lt;workflow&gt;&lt;AlterField&gt;&lt;field_name&gt;Precinct&lt;/field_name&gt;&lt;new_field_name&gt;Precinct_old&lt;/new_field_name&gt;&lt;field_type&gt;TEXT&lt;/field_type&gt;&lt;field_is_nullable&gt;True&lt;/field_is_nullable&gt;&lt;clear_field_alias&gt;False&lt;/clear_field_alias&gt;&lt;/AlterField&gt;&lt;/workflow&gt;&lt;workflow&gt;&lt;AlterField&gt;&lt;field_name&gt;Split&lt;/field_name&gt;&lt;new_field_name&gt;Split_old&lt;/new_field_name&gt;&lt;field_type&gt;TEXT&lt;/field_type&gt;&lt;field_is_nullable&gt;True&lt;/field_is_nullable&gt;&lt;clear_field_alias&gt;False&lt;/clear_field_alias&gt;&lt;/AlterField&gt;&lt;/workflow&gt;&lt;workflow&gt;&lt;AlterField&gt;&lt;field_name&gt;ESD&lt;/field_name&gt;&lt;new_field_name&gt;ESD&lt;/new_field_name&gt;&lt;field_type&gt;TEXT&lt;/field_type&gt;&lt;field_is_nullable&gt;True&lt;/field_is_nullable&gt;&lt;clear_field_alias&gt;False&lt;/clear_field_alias&gt;&lt;/AlterField&gt;&lt;/workflow&gt;&lt;workflow&gt;&lt;AlterField&gt;&lt;field_name&gt;DISTRICT&lt;/field_name&gt;&lt;new_field_name&gt;CoP_DISTRICT&lt;/new_field_name&gt;&lt;field_type&gt;TEXT&lt;/field_type&gt;&lt;field_is_nullable&gt;True&lt;/field_is_nullable&gt;&lt;clear_field_alias&gt;False&lt;/clear_field_alias&gt;&lt;/AlterField&gt;&lt;/workflow&gt;&lt;workflow&gt;&lt;AddField&gt;&lt;field_name&gt;Precinct_new&lt;/field_name&gt;&lt;field_type&gt;TEXT&lt;/field_type&gt;&lt;field_length&gt;10&lt;/field_length&gt;&lt;field_alias&gt;Precinct_new&lt;/field_alias&gt;&lt;field_is_nullable&gt;True&lt;/field_is_nullable&gt;&lt;field_is_required&gt;False&lt;/field_is_required&gt;&lt;/AddField&gt;&lt;/workflow&gt;&lt;workflow&gt;&lt;AddField&gt;&lt;field_name&gt;Split_new&lt;/field_name&gt;&lt;field_type&gt;TEXT&lt;/field_type&gt;&lt;field_length&gt;5&lt;/field_length&gt;&lt;field_alias&gt;Split_new&lt;/field_alias&gt;&lt;field_is_nullable&gt;True&lt;/field_is_nullable&gt;&lt;field_is_required&gt;False&lt;/field_is_required&gt;&lt;/AddField&gt;&lt;/workflow&gt;&lt;/operationSequence&gt;</Process><Process ToolSource="c:\program files\arcgis\pro\Resources\ArcToolbox\Toolboxes\Data Management Tools.tbx\UpdateSchema" Date="20231206" Time="084350">UpdateSchema "CIMDATA=&lt;CIMStandardDataConnection xsi:type='typens:CIMStandardDataConnection' xmlns:xsi='http://www.w3.org/2001/XMLSchema-instance' xmlns:xs='http://www.w3.org/2001/XMLSchema' xmlns:typens='http://www.esri.com/schemas/ArcGIS/2.9.0'&gt;&lt;WorkspaceConnectionString&gt;DATABASE=\\nas3\gisshare\dev\wigl\active\2022\20220104_Elections_OCVR\gdb\OCVR_2023_Dec05.gdb&lt;/WorkspaceConnectionString&gt;&lt;WorkspaceFactory&gt;FileGDB&lt;/WorkspaceFactory&gt;&lt;Dataset&gt;Precinct_Split_CoP_union_12052023&lt;/Dataset&gt;&lt;DatasetType&gt;esriDTFeatureClass&lt;/DatasetType&gt;&lt;/CIMStandardDataConnection&gt;" &lt;operationSequence&gt;&lt;workflow&gt;&lt;AddField&gt;&lt;field_name&gt;Editor&lt;/field_name&gt;&lt;field_type&gt;TEXT&lt;/field_type&gt;&lt;field_length&gt;15&lt;/field_length&gt;&lt;field_alias&gt;Editor&lt;/field_alias&gt;&lt;field_is_nullable&gt;True&lt;/field_is_nullable&gt;&lt;field_is_required&gt;False&lt;/field_is_required&gt;&lt;/AddField&gt;&lt;/workflow&gt;&lt;/operationSequence&gt;</Process><Process ToolSource="c:\program files\arcgis\pro\Resources\ArcToolbox\toolboxes\Data Management Tools.tbx\CalculateField" Date="20231206" Time="084547">CalculateField Precinct_Split_CoP_union_12052023 Precinct_new $feature.Precinct_old Arcade # Text NO_ENFORCE_DOMAINS</Process><Process ToolSource="c:\program files\arcgis\pro\Resources\ArcToolbox\toolboxes\Data Management Tools.tbx\CalculateField" Date="20231206" Time="084612">CalculateField Precinct_Split_CoP_union_12052023 Split_new $feature.Split_old Arcade # Text NO_ENFORCE_DOMAINS</Process><Process ToolSource="c:\program files\arcgis\pro\Resources\ArcToolbox\toolboxes\Data Management Tools.tbx\UpdateSchema" Date="20231206" Time="090010">UpdateSchema "CIMDATA=&lt;CIMStandardDataConnection xsi:type='typens:CIMStandardDataConnection' xmlns:xsi='http://www.w3.org/2001/XMLSchema-instance' xmlns:xs='http://www.w3.org/2001/XMLSchema' xmlns:typens='http://www.esri.com/schemas/ArcGIS/2.9.0'&gt;&lt;WorkspaceConnectionString&gt;DATABASE=\\nas3\gisshare\dev\wigl\active\2022\20220104_Elections_OCVR\gdb\OCVR_2023_Dec05.gdb&lt;/WorkspaceConnectionString&gt;&lt;WorkspaceFactory&gt;FileGDB&lt;/WorkspaceFactory&gt;&lt;Dataset&gt;Precinct_Split_CoP_union_12052023&lt;/Dataset&gt;&lt;DatasetType&gt;esriDTFeatureClass&lt;/DatasetType&gt;&lt;/CIMStandardDataConnection&gt;" &lt;operationSequence&gt;&lt;workflow&gt;&lt;AddField&gt;&lt;field_name&gt;Precinct_Split_old&lt;/field_name&gt;&lt;field_type&gt;TEXT&lt;/field_type&gt;&lt;field_length&gt;16&lt;/field_length&gt;&lt;field_alias&gt;Precinct_Split_old&lt;/field_alias&gt;&lt;field_is_nullable&gt;True&lt;/field_is_nullable&gt;&lt;field_is_required&gt;False&lt;/field_is_required&gt;&lt;/AddField&gt;&lt;/workflow&gt;&lt;/operationSequence&gt;</Process><Process ToolSource="c:\program files\arcgis\pro\Resources\ArcToolbox\toolboxes\Data Management Tools.tbx\CalculateField" Date="20231206" Time="090126">CalculateField Precinct_Split_CoP_union_12052023 Precinct_Split_old "$feature.Precinct_old + '.' + $feature.Split_old" Arcade # Text NO_ENFORCE_DOMAINS</Process><Process ToolSource="c:\program files\arcgis\pro\Resources\ArcToolbox\toolboxes\Data Management Tools.tbx\CalculateField" Date="20231206" Time="100457">CalculateField Precinct_Split_CoP_union_12052023 Editor 'Rachel' Arcade # Text NO_ENFORCE_DOMAINS</Process><Process ToolSource="c:\program files\arcgis\pro\Resources\ArcToolbox\toolboxes\Data Management Tools.tbx\CalculateField" Date="20231206" Time="100608">CalculateField Precinct_Split_CoP_union_12052023 Editor 'Ben' Arcade # Text NO_ENFORCE_DOMAINS</Process><Process ToolSource="c:\program files\arcgis\pro\Resources\ArcToolbox\toolboxes\Data Management Tools.tbx\CalculateField" Date="20231206" Time="100711">CalculateField Precinct_Split_CoP_union_12052023 Editor 'Justin' Arcade # Text NO_ENFORCE_DOMAINS</Process><Process ToolSource="c:\program files\arcgis\pro\Resources\ArcToolbox\toolboxes\Data Management Tools.tbx\CalculateField" Date="20231206" Time="101142">CalculateField Precinct_Split_CoP_union_12052023 Editor 'Ben' Arcade # Text NO_ENFORCE_DOMAINS</Process><Process ToolSource="c:\program files\arcgis\pro\Resources\ArcToolbox\toolboxes\Conversion Tools.tbx\FeatureClassToFeatureClass" Date="20231206" Time="102929">FeatureClassToFeatureClass Precinct_Split_CoP_union_12052023 \\nas3\gisshare\enterprise\public\Elections\Precinct_Split_Update_Dec2023\Precinct_Split_Dec2023.gdb Precinct_Split_CoP_union_12052023_parentcopy # "OR_House "House_District" true true false 255 Text 0 0,First,#,Precinct_Split_CoP_union_12052023,OR_House,0,255;OR_Senate "Senate_District" true true false 255 Text 0 0,First,#,Precinct_Split_CoP_union_12052023,OR_Senate,0,255;Unincorp "UNINCORP_MULTCO" true true false 30 Text 0 0,First,#,Precinct_Split_CoP_union_12052023,Unincorp,0,30;METRO "METRO" true true false 255 Text 0 0,First,#,Precinct_Split_CoP_union_12052023,METRO,0,255;Mult_Comm "MultCo_Commissioner" true true false 255 Text 0 0,First,#,Precinct_Split_CoP_union_12052023,Mult_Comm,0,255;CITY "CITY" true true false 30 Text 0 0,First,#,Precinct_Split_CoP_union_12052023,CITY,0,30;TRAN_DIST "TRAN_DIST" true true false 80 Text 0 0,First,#,Precinct_Split_CoP_union_12052023,TRAN_DIST,0,80;FIRE_DIST "FIRE_DIST" true true false 75 Text 0 0,First,#,Precinct_Split_CoP_union_12052023,FIRE_DIST,0,75;WaterDist "WATER_DIST" true true false 50 Text 0 0,First,#,Precinct_Split_CoP_union_12052023,WaterDist,0,50;SewerDist "SEWER_DIST" true true false 36 Text 0 0,First,#,Precinct_Split_CoP_union_12052023,SewerDist,0,36;SchoolDist "SCHOOL_DISTRICT" true true false 255 Text 0 0,First,#,Precinct_Split_CoP_union_12052023,SchoolDist,0,255;PUD "PUD" true true false 40 Text 0 0,First,#,Precinct_Split_CoP_union_12052023,PUD,0,40;CommColleg "COMMUNITY_COLLEGE" true true false 50 Text 0 0,First,#,Precinct_Split_CoP_union_12052023,CommColleg,0,50;Soil_Water "SOIL_WATER_DIST" true true false 40 Text 0 0,First,#,Precinct_Split_CoP_union_12052023,Soil_Water,0,40;USCongress "Congressional_District" true true false 255 Text 0 0,First,#,Precinct_Split_CoP_union_12052023,USCongress,0,255;Precinct_old "Precinct_old" true true false 10 Text 0 0,First,#,Precinct_Split_CoP_union_12052023,Precinct_old,0,10;Split_old "Split_old" true true false 5 Text 0 0,First,#,Precinct_Split_CoP_union_12052023,Split_old,0,5;ESD "ESD" true true false 20 Text 0 0,First,#,Precinct_Split_CoP_union_12052023,ESD,0,20;CoP_DISTRICT "CoP_DISTRICT" true true false 1 Text 0 0,First,#,Precinct_Split_CoP_union_12052023,CoP_DISTRICT,0,1;SHAPE_Length "SHAPE_Length" false true true 8 Double 0 0,First,#,Precinct_Split_CoP_union_12052023,SHAPE_Length,-1,-1;SHAPE_Area "SHAPE_Area" false true true 8 Double 0 0,First,#,Precinct_Split_CoP_union_12052023,SHAPE_Area,-1,-1;Precinct_new "Precinct_new" true true false 10 Text 0 0,First,#,Precinct_Split_CoP_union_12052023,Precinct_new,0,10;Split_new "Split_new" true true false 5 Text 0 0,First,#,Precinct_Split_CoP_union_12052023,Split_new,0,5;Editor "Editor" true true false 15 Text 0 0,First,#,Precinct_Split_CoP_union_12052023,Editor,0,15;Precinct_Split_old "Precinct_Split_old" true true false 16 Text 0 0,First,#,Precinct_Split_CoP_union_12052023,Precinct_Split_old,0,16" #</Process><Process ToolSource="c:\program files\arcgis\pro\Resources\ArcToolbox\toolboxes\Conversion Tools.tbx\FeatureClassToFeatureClass" Date="20231206" Time="130049">FeatureClassToFeatureClass Precinct_Split_CoP_union_12052023_parentcopy \\nas3\gisshare\enterprise\public\Elections\Precinct_Split_Update_Dec2023\Precinct_Split_Dec2023.gdb Precinct_Split_CoP_union_12052023_Bencopy # "OR_House "House_District" true true false 255 Text 0 0,First,#,Precinct_Split_CoP_union_12052023_parentcopy,OR_House,0,255;OR_Senate "Senate_District" true true false 255 Text 0 0,First,#,Precinct_Split_CoP_union_12052023_parentcopy,OR_Senate,0,255;Unincorp "UNINCORP_MULTCO" true true false 30 Text 0 0,First,#,Precinct_Split_CoP_union_12052023_parentcopy,Unincorp,0,30;METRO "METRO" true true false 255 Text 0 0,First,#,Precinct_Split_CoP_union_12052023_parentcopy,METRO,0,255;Mult_Comm "MultCo_Commissioner" true true false 255 Text 0 0,First,#,Precinct_Split_CoP_union_12052023_parentcopy,Mult_Comm,0,255;CITY "CITY" true true false 30 Text 0 0,First,#,Precinct_Split_CoP_union_12052023_parentcopy,CITY,0,30;TRAN_DIST "TRAN_DIST" true true false 80 Text 0 0,First,#,Precinct_Split_CoP_union_12052023_parentcopy,TRAN_DIST,0,80;FIRE_DIST "FIRE_DIST" true true false 75 Text 0 0,First,#,Precinct_Split_CoP_union_12052023_parentcopy,FIRE_DIST,0,75;WaterDist "WATER_DIST" true true false 50 Text 0 0,First,#,Precinct_Split_CoP_union_12052023_parentcopy,WaterDist,0,50;SewerDist "SEWER_DIST" true true false 36 Text 0 0,First,#,Precinct_Split_CoP_union_12052023_parentcopy,SewerDist,0,36;SchoolDist "SCHOOL_DISTRICT" true true false 255 Text 0 0,First,#,Precinct_Split_CoP_union_12052023_parentcopy,SchoolDist,0,255;PUD "PUD" true true false 40 Text 0 0,First,#,Precinct_Split_CoP_union_12052023_parentcopy,PUD,0,40;CommColleg "COMMUNITY_COLLEGE" true true false 50 Text 0 0,First,#,Precinct_Split_CoP_union_12052023_parentcopy,CommColleg,0,50;Soil_Water "SOIL_WATER_DIST" true true false 40 Text 0 0,First,#,Precinct_Split_CoP_union_12052023_parentcopy,Soil_Water,0,40;USCongress "Congressional_District" true true false 255 Text 0 0,First,#,Precinct_Split_CoP_union_12052023_parentcopy,USCongress,0,255;Precinct_old "Precinct_old" true true false 10 Text 0 0,First,#,Precinct_Split_CoP_union_12052023_parentcopy,Precinct_old,0,10;Split_old "Split_old" true true false 5 Text 0 0,First,#,Precinct_Split_CoP_union_12052023_parentcopy,Split_old,0,5;ESD "ESD" true true false 20 Text 0 0,First,#,Precinct_Split_CoP_union_12052023_parentcopy,ESD,0,20;CoP_DISTRICT "CoP_DISTRICT" true true false 1 Text 0 0,First,#,Precinct_Split_CoP_union_12052023_parentcopy,CoP_DISTRICT,0,1;Precinct_new "Precinct_new" true true false 10 Text 0 0,First,#,Precinct_Split_CoP_union_12052023_parentcopy,Precinct_new,0,10;Split_new "Split_new" true true false 5 Text 0 0,First,#,Precinct_Split_CoP_union_12052023_parentcopy,Split_new,0,5;Editor "Editor" true true false 15 Text 0 0,First,#,Precinct_Split_CoP_union_12052023_parentcopy,Editor,0,15;Precinct_Split_old "Precinct_Split_old" true true false 16 Text 0 0,First,#,Precinct_Split_CoP_union_12052023_parentcopy,Precinct_Split_old,0,16;Shape_Length "Shape_Length" false true true 8 Double 0 0,First,#,Precinct_Split_CoP_union_12052023_parentcopy,Shape_Length,-1,-1;Shape_Area "Shape_Area" false true true 8 Double 0 0,First,#,Precinct_Split_CoP_union_12052023_parentcopy,Shape_Area,-1,-1" #</Process><Process ToolSource="c:\program files\arcgis\pro\Resources\ArcToolbox\Toolboxes\Data Management Tools.tbx\CopyMultiple" Date="20231227" Time="093121">CopyMultiple "\\nas3\gisshare\enterprise\public\Elections\Precinct_Split_Update_Dec2023\Precinct_Split_Dec2023.gdb\Precinct_Split_CoP_union_12052023_Bencopy FeatureClass" \\nas3\gisshare\enterprise\public\Elections\Precinct_Split_Update_Dec2023\Precinct_Split_Dec2023.gdb Precinct_Split_CoP_union_12052023_Bencopy_1 "Precinct_Split_CoP_union_12052023_Bencopy FeatureClass Precinct_Split_CoP_union_12052023_Bencopy_1 #"</Process><Process ToolSource="c:\program files\arcgis\pro\Resources\ArcToolbox\Toolboxes\Data Management Tools.tbx\Rename" Date="20231227" Time="093317">Rename \\nas3\gisshare\enterprise\public\Elections\Precinct_Split_Update_Dec2023\Precinct_Split_Dec2023.gdb\Precinct_Split_CoP_union_12052023_Bencopy_1 \\nas3\gisshare\enterprise\public\Elections\Precinct_Split_Update_Dec2023\Precinct_Split_Dec2023.gdb\Precinct_Split_CoP_union_12052023_Bencopy_Racheledits FeatureClass</Process><Process ToolSource="c:\program files\arcgis\pro\Resources\ArcToolbox\toolboxes\Data Management Tools.tbx\CalculateField" Date="20240105" Time="095422">CalculateField Precinct_Split_CoP_union_12052023_Bencopy_Racheledits Editor "Rachel" "Python 3" # Text NO_ENFORCE_DOMAINS</Process><Process ToolSource="c:\program files\arcgis\pro\Resources\ArcToolbox\Toolboxes\Data Management Tools.tbx\CopyMultiple" Date="20240117" Time="122045">CopyMultiple "\\nas3\gisshare\enterprise\public\Elections\Precinct_Split_Update_Dec2023\Precinct_Split_Dec2023.gdb\Precinct_Split_CoP_union_12052023_Bencopy_Racheledits FeatureClass" \\nas3\gisshare\enterprise\public\Elections\Precinct_Split_Update_Dec2023\Precinct_Split_Dec2023.gdb Precinct_Split_CoP_union_12052023_Bencopy_Racheledits_1 "Precinct_Split_CoP_union_12052023_Bencopy_Racheledits FeatureClass Precinct_Split_CoP_union_12052023_Bencopy_Racheledits_1 #"</Process><Process ToolSource="c:\program files\arcgis\pro\Resources\ArcToolbox\Toolboxes\Data Management Tools.tbx\Rename" Date="20240117" Time="122103">Rename \\nas3\gisshare\enterprise\public\Elections\Precinct_Split_Update_Dec2023\Precinct_Split_Dec2023.gdb\Precinct_Split_CoP_union_12052023_Bencopy_Racheledits_1 \\nas3\gisshare\enterprise\public\Elections\Precinct_Split_Update_Dec2023\Precinct_Split_Dec2023.gdb\Precinct_Split_CoP_union_12052023_Bencopy_Racheledits_append_to FeatureClass</Process><Process ToolSource="c:\program files\arcgis\pro\Resources\ArcToolbox\toolboxes\Data Management Tools.tbx\Append" Date="20240117" Time="122221">Append Precinct_Split_CoP_union_12052023_Rachelcopy;Precinct_Split_CoP_union_12052023_Justincopy \\nas3\gisshare\enterprise\public\Elections\Precinct_Split_Update_Dec2023\Precinct_Split_Dec2023.gdb\Precinct_Split_CoP_union_12052023_Bencopy_Racheledits_append_to "Input fields must match target fields" # # #</Process><Process ToolSource="c:\program files\arcgis\pro\Resources\ArcToolbox\toolboxes\Data Management Tools.tbx\Rename" Date="20240117" Time="122421">Rename \\nas3\gisshare\enterprise\public\Elections\Precinct_Split_Update_Dec2023\Precinct_Split_Dec2023.gdb\Precinct_Split_CoP_union_12052023_Bencopy_Racheledits_append_to \\nas3\gisshare\enterprise\public\Elections\Precinct_Split_Update_Dec2023\Precinct_Split_Dec2023.gdb\Precinct_Split_CoP_union_12052023_allCoP_edits_done FeatureClass</Process><Process ToolSource="c:\program files\arcgis\pro\Resources\ArcToolbox\toolboxes\Analysis Tools.tbx\Union" Date="20240119" Time="101650">Union "Precinct_Split_CoP_union_12052023_allCoP_edits_done #;UFSWQD_Boundary_intoColumbiaR #" \\nas3\gisshare\enterprise\public\Elections\Precinct_Split_Update_Dec2023\Precinct_Split_Dec2023.gdb\Precinct_Split_CoP_done_UFSWQD_union_01192024 "All attributes except feature IDs" # GAPS</Process><Process ToolSource="c:\program files\arcgis\pro\Resources\ArcToolbox\Toolboxes\Data Management Tools.tbx\UpdateSchema" Date="20240124" Time="101448">UpdateSchema "CIMDATA=&lt;CIMStandardDataConnection xsi:type='typens:CIMStandardDataConnection' xmlns:xsi='http://www.w3.org/2001/XMLSchema-instance' xmlns:xs='http://www.w3.org/2001/XMLSchema' xmlns:typens='http://www.esri.com/schemas/ArcGIS/2.9.0'&gt;&lt;WorkspaceConnectionString&gt;DATABASE=\\nas3\gisshare\enterprise\public\Elections\Precinct_Split_Update_Dec2023\Precinct_Split_Dec2023.gdb&lt;/WorkspaceConnectionString&gt;&lt;WorkspaceFactory&gt;FileGDB&lt;/WorkspaceFactory&gt;&lt;Dataset&gt;Precinct_Split_CoP_done_UFSWQD_union_01192024&lt;/Dataset&gt;&lt;DatasetType&gt;esriDTFeatureClass&lt;/DatasetType&gt;&lt;/CIMStandardDataConnection&gt;" &lt;operationSequence&gt;&lt;workflow&gt;&lt;AddField&gt;&lt;field_name&gt;Precinct_newFlood&lt;/field_name&gt;&lt;field_type&gt;TEXT&lt;/field_type&gt;&lt;field_length&gt;10&lt;/field_length&gt;&lt;field_alias&gt;Precinct_newFlood&lt;/field_alias&gt;&lt;field_is_nullable&gt;True&lt;/field_is_nullable&gt;&lt;field_is_required&gt;False&lt;/field_is_required&gt;&lt;/AddField&gt;&lt;/workflow&gt;&lt;workflow&gt;&lt;AddField&gt;&lt;field_name&gt;Split_newFlood&lt;/field_name&gt;&lt;field_type&gt;TEXT&lt;/field_type&gt;&lt;field_length&gt;5&lt;/field_length&gt;&lt;field_alias&gt;Split_newFlood&lt;/field_alias&gt;&lt;field_is_nullable&gt;True&lt;/field_is_nullable&gt;&lt;field_is_required&gt;False&lt;/field_is_required&gt;&lt;/AddField&gt;&lt;/workflow&gt;&lt;/operationSequence&gt;</Process><Process ToolSource="c:\program files\arcgis\pro\Resources\ArcToolbox\toolboxes\Data Management Tools.tbx\CalculateField" Date="20240124" Time="101521">CalculateField Precinct_Split_CoP_done_UFSWQD_union_01192024 Precinct_newFlood $feature.Precinct_new Arcade # Text NO_ENFORCE_DOMAINS</Process><Process ToolSource="c:\program files\arcgis\pro\Resources\ArcToolbox\toolboxes\Data Management Tools.tbx\UpdateSchema" Date="20240124" Time="111825">UpdateSchema "CIMDATA=&lt;CIMStandardDataConnection xsi:type='typens:CIMStandardDataConnection' xmlns:xsi='http://www.w3.org/2001/XMLSchema-instance' xmlns:xs='http://www.w3.org/2001/XMLSchema' xmlns:typens='http://www.esri.com/schemas/ArcGIS/2.9.0'&gt;&lt;WorkspaceConnectionString&gt;DATABASE=\\nas3\gisshare\enterprise\public\Elections\Precinct_Split_Update_Dec2023\Precinct_Split_Dec2023.gdb&lt;/WorkspaceConnectionString&gt;&lt;WorkspaceFactory&gt;FileGDB&lt;/WorkspaceFactory&gt;&lt;Dataset&gt;Precinct_Split_CoP_done_UFSWQD_union_01192024&lt;/Dataset&gt;&lt;DatasetType&gt;esriDTFeatureClass&lt;/DatasetType&gt;&lt;/CIMStandardDataConnection&gt;" &lt;operationSequence&gt;&lt;workflow&gt;&lt;AlterField&gt;&lt;field_name&gt;Editor&lt;/field_name&gt;&lt;new_field_name&gt;Editor_old&lt;/new_field_name&gt;&lt;field_type&gt;TEXT&lt;/field_type&gt;&lt;field_is_nullable&gt;True&lt;/field_is_nullable&gt;&lt;clear_field_alias&gt;False&lt;/clear_field_alias&gt;&lt;/AlterField&gt;&lt;/workflow&gt;&lt;workflow&gt;&lt;AddField&gt;&lt;field_name&gt;Editor_Flood&lt;/field_name&gt;&lt;field_type&gt;TEXT&lt;/field_type&gt;&lt;field_length&gt;15&lt;/field_length&gt;&lt;field_alias&gt;Editor_Flood&lt;/field_alias&gt;&lt;field_is_nullable&gt;True&lt;/field_is_nullable&gt;&lt;field_is_required&gt;False&lt;/field_is_required&gt;&lt;/AddField&gt;&lt;/workflow&gt;&lt;/operationSequence&gt;</Process><Process ToolSource="c:\program files\arcgis\pro\Resources\ArcToolbox\toolboxes\Data Management Tools.tbx\CalculateField" Date="20240124" Time="113738">CalculateField Precinct_Split_CoP_done_UFSWQD_union_01192024 Editor_Flood "Ben" Arcade # Text NO_ENFORCE_DOMAINS</Process><Process ToolSource="c:\program files\arcgis\pro\Resources\ArcToolbox\toolboxes\Data Management Tools.tbx\CalculateField" Date="20240124" Time="114027">CalculateField Precinct_Split_CoP_done_UFSWQD_union_01192024 Editor_Flood "Rachel" Arcade # Text NO_ENFORCE_DOMAINS</Process><Process ToolSource="c:\program files\arcgis\pro\Resources\ArcToolbox\toolboxes\Data Management Tools.tbx\CalculateField" Date="20240124" Time="114128">CalculateField Precinct_Split_CoP_done_UFSWQD_union_01192024 Editor_Flood "Justin" Arcade # Text NO_ENFORCE_DOMAINS</Process><Process ToolSource="c:\program files\arcgis\pro\Resources\ArcToolbox\toolboxes\Conversion Tools.tbx\FeatureClassToFeatureClass" Date="20240124" Time="114400">FeatureClassToFeatureClass Precinct_Split_CoP_done_UFSWQD_union_01192024 \\nas3\gisshare\enterprise\public\Elections\Precinct_Split_Update_Dec2023\Precinct_Split_Dec2023.gdb Precinct_Split_CoP_done_UFSWQD_union_01192024_Bencopy # "OR_House "House_District" true true false 255 Text 0 0,First,#,Precinct_Split_CoP_done_UFSWQD_union_01192024,OR_House,0,255;OR_Senate "Senate_District" true true false 255 Text 0 0,First,#,Precinct_Split_CoP_done_UFSWQD_union_01192024,OR_Senate,0,255;Unincorp "UNINCORP_MULTCO" true true false 30 Text 0 0,First,#,Precinct_Split_CoP_done_UFSWQD_union_01192024,Unincorp,0,30;METRO "METRO" true true false 255 Text 0 0,First,#,Precinct_Split_CoP_done_UFSWQD_union_01192024,METRO,0,255;Mult_Comm "MultCo_Commissioner" true true false 255 Text 0 0,First,#,Precinct_Split_CoP_done_UFSWQD_union_01192024,Mult_Comm,0,255;CITY "CITY" true true false 30 Text 0 0,First,#,Precinct_Split_CoP_done_UFSWQD_union_01192024,CITY,0,30;TRAN_DIST "TRAN_DIST" true true false 80 Text 0 0,First,#,Precinct_Split_CoP_done_UFSWQD_union_01192024,TRAN_DIST,0,80;FIRE_DIST "FIRE_DIST" true true false 75 Text 0 0,First,#,Precinct_Split_CoP_done_UFSWQD_union_01192024,FIRE_DIST,0,75;WaterDist "WATER_DIST" true true false 50 Text 0 0,First,#,Precinct_Split_CoP_done_UFSWQD_union_01192024,WaterDist,0,50;SewerDist "SEWER_DIST" true true false 36 Text 0 0,First,#,Precinct_Split_CoP_done_UFSWQD_union_01192024,SewerDist,0,36;SchoolDist "SCHOOL_DISTRICT" true true false 255 Text 0 0,First,#,Precinct_Split_CoP_done_UFSWQD_union_01192024,SchoolDist,0,255;PUD "PUD" true true false 40 Text 0 0,First,#,Precinct_Split_CoP_done_UFSWQD_union_01192024,PUD,0,40;CommColleg "COMMUNITY_COLLEGE" true true false 50 Text 0 0,First,#,Precinct_Split_CoP_done_UFSWQD_union_01192024,CommColleg,0,50;Soil_Water "SOIL_WATER_DIST" true true false 40 Text 0 0,First,#,Precinct_Split_CoP_done_UFSWQD_union_01192024,Soil_Water,0,40;USCongress "Congressional_District" true true false 255 Text 0 0,First,#,Precinct_Split_CoP_done_UFSWQD_union_01192024,USCongress,0,255;Precinct_old "Precinct_old" true true false 10 Text 0 0,First,#,Precinct_Split_CoP_done_UFSWQD_union_01192024,Precinct_old,0,10;Split_old "Split_old" true true false 5 Text 0 0,First,#,Precinct_Split_CoP_done_UFSWQD_union_01192024,Split_old,0,5;ESD "ESD" true true false 20 Text 0 0,First,#,Precinct_Split_CoP_done_UFSWQD_union_01192024,ESD,0,20;CoP_DISTRICT "CoP_DISTRICT" true true false 1 Text 0 0,First,#,Precinct_Split_CoP_done_UFSWQD_union_01192024,CoP_DISTRICT,0,1;Precinct_new "Precinct_new" true true false 10 Text 0 0,First,#,Precinct_Split_CoP_done_UFSWQD_union_01192024,Precinct_new,0,10;Split_new "Split_new" true true false 5 Text 0 0,First,#,Precinct_Split_CoP_done_UFSWQD_union_01192024,Split_new,0,5;Editor_old "Editor_old" true true false 15 Text 0 0,First,#,Precinct_Split_CoP_done_UFSWQD_union_01192024,Editor_old,0,15;Precinct_Split_old "Precinct_Split_old" true true false 16 Text 0 0,First,#,Precinct_Split_CoP_done_UFSWQD_union_01192024,Precinct_Split_old,0,16;Label "Label" true true false 20 Text 0 0,First,#,Precinct_Split_CoP_done_UFSWQD_union_01192024,Label,0,20;Shape_Length "Shape_Length" false true true 8 Double 0 0,First,#,Precinct_Split_CoP_done_UFSWQD_union_01192024,Shape_Length,-1,-1;Shape_Area "Shape_Area" false true true 8 Double 0 0,First,#,Precinct_Split_CoP_done_UFSWQD_union_01192024,Shape_Area,-1,-1;Precinct_newFlood "Precinct_newFlood" true true false 10 Text 0 0,First,#,Precinct_Split_CoP_done_UFSWQD_union_01192024,Precinct_newFlood,0,10;Split_newFlood "Split_newFlood" true true false 5 Text 0 0,First,#,Precinct_Split_CoP_done_UFSWQD_union_01192024,Split_newFlood,0,5;Editor_Flood "Editor_Flood" true true false 15 Text 0 0,First,#,Precinct_Split_CoP_done_UFSWQD_union_01192024,Editor_Flood,0,15" #</Process><Process ToolSource="c:\program files\arcgis\pro\Resources\ArcToolbox\toolboxes\Data Management Tools.tbx\CalculateField" Date="20240131" Time="082041">CalculateField Precinct_Split_CoP_done_UFSWQD_union_01192024_Bencopy Split_newFlood $feature.Split_new Arcade # Text NO_ENFORCE_DOMAINS</Process><Process ToolSource="c:\program files\arcgis\pro\Resources\ArcToolbox\Toolboxes\Data Management Tools.tbx\CopyMultiple" Date="20240206" Time="115140">CopyMultiple "\\nas3\gisshare\enterprise\public\Elections\Precinct_Split_Update_Dec2023\Precinct_Split_Dec2023.gdb\Precinct_Split_CoP_done_UFSWQD_union_01192024_Bencopy FeatureClass" \\nas3\gisshare\enterprise\public\Elections\Precinct_Split_Update_Dec2023\Precinct_Split_Dec2023.gdb Precinct_Split_CoP_done_UFSWQD_union_01192024_Bencopy_1 "Precinct_Split_CoP_done_UFSWQD_union_01192024_Bencopy FeatureClass Precinct_Split_CoP_done_UFSWQD_union_01192024_Bencopy_1 #"</Process><Process ToolSource="c:\program files\arcgis\pro\Resources\ArcToolbox\Toolboxes\Data Management Tools.tbx\Rename" Date="20240206" Time="115230">Rename \\nas3\gisshare\enterprise\public\Elections\Precinct_Split_Update_Dec2023\Precinct_Split_Dec2023.gdb\Precinct_Split_CoP_done_UFSWQD_union_01192024_Bencopy_1 \\nas3\gisshare\enterprise\public\Elections\Precinct_Split_Update_Dec2023\Precinct_Split_Dec2023.gdb\Precinct_Split_CoP_done_UFSWQD_union_01192024_editsdone_BHbase FeatureClass</Process><Process ToolSource="c:\program files\arcgis\pro\Resources\ArcToolbox\toolboxes\Data Management Tools.tbx\Append" Date="20240206" Time="120332">Append Precinct_Split_CoP_done_UFSWQD_union_01192024_Justincopy;Precinct_Split_CoP_done_UFSWQD_union_01192024_Rachelcopy Precinct_Split_CoP_done_UFSWQD_union_01192024_editsdone_BHbase "Input fields must match target fields" # # #</Process><Process ToolSource="c:\program files\arcgis\pro\Resources\ArcToolbox\toolboxes\Data Management Tools.tbx\Rename" Date="20240206" Time="120719">Rename \\nas3\gisshare\enterprise\public\Elections\Precinct_Split_Update_Dec2023\Precinct_Split_Dec2023.gdb\Precinct_Split_CoP_done_UFSWQD_union_01192024_editsdone_BHbase \\nas3\gisshare\enterprise\public\Elections\Precinct_Split_Update_Dec2023\Precinct_Split_Dec2023.gdb\Precinct_Split_CoP_done_UFSWQD_union_01192024_editsdone FeatureClass</Process><Process ToolSource="c:\program files\arcgis\pro\Resources\ArcToolbox\toolboxes\Data Management Tools.tbx\Rename" Date="20240206" Time="120737">Rename \\nas3\gisshare\enterprise\public\Elections\Precinct_Split_Update_Dec2023\Precinct_Split_Dec2023.gdb\Precinct_Split_CoP_done_UFSWQD_union_01192024_editsdone \\nas3\gisshare\enterprise\public\Elections\Precinct_Split_Update_Dec2023\Precinct_Split_Dec2023.gdb\Precinct_Split_CoP_done_UFSWQD_union_01192024_editsdone_Final FeatureClass</Process><Process ToolSource="c:\program files\arcgis\pro\Resources\ArcToolbox\toolboxes\Data Management Tools.tbx\CopyMultiple" Date="20240206" Time="121051">CopyMultiple "\\nas3\gisshare\enterprise\public\Elections\Precinct_Split_Update_Dec2023\Precinct_Split_Dec2023.gdb\Precinct_Split_CoP_done_UFSWQD_union_01192024_editsdone_Final FeatureClass" \\nas3\gisshare\enterprise\public\Elections\Precinct_Split_Update_Dec2023\Precinct_Split_Dec2023.gdb Precinct_Split_CoP_done_UFSWQD_union_01192024_editsdone_Final_1 "Precinct_Split_CoP_done_UFSWQD_union_01192024_editsdone_Final FeatureClass Precinct_Split_CoP_done_UFSWQD_union_01192024_editsdone_Final_1 #"</Process><Process ToolSource="c:\program files\arcgis\pro\Resources\ArcToolbox\toolboxes\Data Management Tools.tbx\Rename" Date="20240206" Time="121143">Rename \\nas3\gisshare\enterprise\public\Elections\Precinct_Split_Update_Dec2023\Precinct_Split_Dec2023.gdb\Precinct_Split_CoP_done_UFSWQD_union_01192024_editsdone_Final_1 \\nas3\gisshare\enterprise\public\Elections\Precinct_Split_Update_Dec2023\Precinct_Split_Dec2023.gdb\Precinct_Split_CoP_done_UFSWQD_done_edits_Final FeatureClass</Process><Process ToolSource="c:\program files\arcgis\pro\Resources\ArcToolbox\toolboxes\Data Management Tools.tbx\UpdateSchema" Date="20240206" Time="121418">UpdateSchema "CIMDATA=&lt;CIMStandardDataConnection xsi:type='typens:CIMStandardDataConnection' xmlns:xsi='http://www.w3.org/2001/XMLSchema-instance' xmlns:xs='http://www.w3.org/2001/XMLSchema' xmlns:typens='http://www.esri.com/schemas/ArcGIS/2.9.0'&gt;&lt;WorkspaceConnectionString&gt;DATABASE=\\nas3\gisshare\enterprise\public\Elections\Precinct_Split_Update_Dec2023\Precinct_Split_Dec2023.gdb&lt;/WorkspaceConnectionString&gt;&lt;WorkspaceFactory&gt;FileGDB&lt;/WorkspaceFactory&gt;&lt;Dataset&gt;Precinct_Split_CoP_done_UFSWQD_done_edits_Final&lt;/Dataset&gt;&lt;DatasetType&gt;esriDTFeatureClass&lt;/DatasetType&gt;&lt;/CIMStandardDataConnection&gt;" &lt;operationSequence&gt;&lt;workflow&gt;&lt;DeleteField&gt;&lt;field_name&gt;Precinct_new&lt;/field_name&gt;&lt;field_name&gt;Split_new&lt;/field_name&gt;&lt;field_name&gt;Editor_old&lt;/field_name&gt;&lt;field_name&gt;Precinct_Split_old&lt;/field_name&gt;&lt;field_name&gt;Editor_Flood&lt;/field_name&gt;&lt;/DeleteField&gt;&lt;/workflow&gt;&lt;workflow&gt;&lt;AlterField&gt;&lt;field_name&gt;Label&lt;/field_name&gt;&lt;new_field_name&gt;UFSWQD&lt;/new_field_name&gt;&lt;field_type&gt;TEXT&lt;/field_type&gt;&lt;field_is_nullable&gt;True&lt;/field_is_nullable&gt;&lt;clear_field_alias&gt;False&lt;/clear_field_alias&gt;&lt;/AlterField&gt;&lt;/workflow&gt;&lt;workflow&gt;&lt;AlterField&gt;&lt;field_name&gt;Precinct_new&lt;/field_name&gt;&lt;new_field_name&gt;Precinct_new&lt;/new_field_name&gt;&lt;field_type&gt;TEXT&lt;/field_type&gt;&lt;field_is_nullable&gt;True&lt;/field_is_nullable&gt;&lt;clear_field_alias&gt;False&lt;/clear_field_alias&gt;&lt;/AlterField&gt;&lt;/workflow&gt;&lt;workflow&gt;&lt;AlterField&gt;&lt;field_name&gt;Split_new&lt;/field_name&gt;&lt;new_field_name&gt;Split_new&lt;/new_field_name&gt;&lt;field_type&gt;TEXT&lt;/field_type&gt;&lt;field_is_nullable&gt;True&lt;/field_is_nullable&gt;&lt;clear_field_alias&gt;False&lt;/clear_field_alias&gt;&lt;/AlterField&gt;&lt;/workflow&gt;&lt;/operationSequence&gt;</Process><Process ToolSource="c:\program files\arcgis\pro\Resources\ArcToolbox\toolboxes\Data Management Tools.tbx\UpdateSchema" Date="20240206" Time="121451">UpdateSchema "CIMDATA=&lt;CIMStandardDataConnection xsi:type='typens:CIMStandardDataConnection' xmlns:xsi='http://www.w3.org/2001/XMLSchema-instance' xmlns:xs='http://www.w3.org/2001/XMLSchema' xmlns:typens='http://www.esri.com/schemas/ArcGIS/2.9.0'&gt;&lt;WorkspaceConnectionString&gt;DATABASE=\\nas3\gisshare\enterprise\public\Elections\Precinct_Split_Update_Dec2023\Precinct_Split_Dec2023.gdb&lt;/WorkspaceConnectionString&gt;&lt;WorkspaceFactory&gt;FileGDB&lt;/WorkspaceFactory&gt;&lt;Dataset&gt;Precinct_Split_CoP_done_UFSWQD_done_edits_Final&lt;/Dataset&gt;&lt;DatasetType&gt;esriDTFeatureClass&lt;/DatasetType&gt;&lt;/CIMStandardDataConnection&gt;" &lt;operationSequence&gt;&lt;workflow&gt;&lt;AddField&gt;&lt;field_name&gt;Precinct_new&lt;/field_name&gt;&lt;field_type&gt;TEXT&lt;/field_type&gt;&lt;field_length&gt;10&lt;/field_length&gt;&lt;field_alias&gt;Precinct_new&lt;/field_alias&gt;&lt;field_is_nullable&gt;True&lt;/field_is_nullable&gt;&lt;field_is_required&gt;False&lt;/field_is_required&gt;&lt;/AddField&gt;&lt;/workflow&gt;&lt;workflow&gt;&lt;AddField&gt;&lt;field_name&gt;Split_new&lt;/field_name&gt;&lt;field_type&gt;TEXT&lt;/field_type&gt;&lt;field_length&gt;5&lt;/field_length&gt;&lt;field_alias&gt;Split_new&lt;/field_alias&gt;&lt;field_is_nullable&gt;True&lt;/field_is_nullable&gt;&lt;field_is_required&gt;False&lt;/field_is_required&gt;&lt;/AddField&gt;&lt;/workflow&gt;&lt;/operationSequence&gt;</Process><Process ToolSource="c:\program files\arcgis\pro\Resources\ArcToolbox\toolboxes\Data Management Tools.tbx\UpdateSchema" Date="20240206" Time="121503">UpdateSchema "CIMDATA=&lt;CIMStandardDataConnection xsi:type='typens:CIMStandardDataConnection' xmlns:xsi='http://www.w3.org/2001/XMLSchema-instance' xmlns:xs='http://www.w3.org/2001/XMLSchema' xmlns:typens='http://www.esri.com/schemas/ArcGIS/2.9.0'&gt;&lt;WorkspaceConnectionString&gt;DATABASE=\\nas3\gisshare\enterprise\public\Elections\Precinct_Split_Update_Dec2023\Precinct_Split_Dec2023.gdb&lt;/WorkspaceConnectionString&gt;&lt;WorkspaceFactory&gt;FileGDB&lt;/WorkspaceFactory&gt;&lt;Dataset&gt;Precinct_Split_CoP_done_UFSWQD_done_edits_Final&lt;/Dataset&gt;&lt;DatasetType&gt;esriDTFeatureClass&lt;/DatasetType&gt;&lt;/CIMStandardDataConnection&gt;" &lt;operationSequence&gt;&lt;workflow&gt;&lt;DeleteField&gt;&lt;field_name&gt;Precinct_new&lt;/field_name&gt;&lt;/DeleteField&gt;&lt;/workflow&gt;&lt;/operationSequence&gt;</Process><Process ToolSource="c:\program files\arcgis\pro\Resources\ArcToolbox\toolboxes\Data Management Tools.tbx\UpdateSchema" Date="20240206" Time="121511">UpdateSchema "CIMDATA=&lt;CIMStandardDataConnection xsi:type='typens:CIMStandardDataConnection' xmlns:xsi='http://www.w3.org/2001/XMLSchema-instance' xmlns:xs='http://www.w3.org/2001/XMLSchema' xmlns:typens='http://www.esri.com/schemas/ArcGIS/2.9.0'&gt;&lt;WorkspaceConnectionString&gt;DATABASE=\\nas3\gisshare\enterprise\public\Elections\Precinct_Split_Update_Dec2023\Precinct_Split_Dec2023.gdb&lt;/WorkspaceConnectionString&gt;&lt;WorkspaceFactory&gt;FileGDB&lt;/WorkspaceFactory&gt;&lt;Dataset&gt;Precinct_Split_CoP_done_UFSWQD_done_edits_Final&lt;/Dataset&gt;&lt;DatasetType&gt;esriDTFeatureClass&lt;/DatasetType&gt;&lt;/CIMStandardDataConnection&gt;" &lt;operationSequence&gt;&lt;workflow&gt;&lt;DeleteField&gt;&lt;field_name&gt;Split_new&lt;/field_name&gt;&lt;/DeleteField&gt;&lt;/workflow&gt;&lt;/operationSequence&gt;</Process><Process ToolSource="c:\program files\arcgis\pro\Resources\ArcToolbox\toolboxes\Data Management Tools.tbx\UpdateSchema" Date="20240206" Time="121553">UpdateSchema "CIMDATA=&lt;CIMStandardDataConnection xsi:type='typens:CIMStandardDataConnection' xmlns:xsi='http://www.w3.org/2001/XMLSchema-instance' xmlns:xs='http://www.w3.org/2001/XMLSchema' xmlns:typens='http://www.esri.com/schemas/ArcGIS/2.9.0'&gt;&lt;WorkspaceConnectionString&gt;DATABASE=\\nas3\gisshare\enterprise\public\Elections\Precinct_Split_Update_Dec2023\Precinct_Split_Dec2023.gdb&lt;/WorkspaceConnectionString&gt;&lt;WorkspaceFactory&gt;FileGDB&lt;/WorkspaceFactory&gt;&lt;Dataset&gt;Precinct_Split_CoP_done_UFSWQD_done_edits_Final&lt;/Dataset&gt;&lt;DatasetType&gt;esriDTFeatureClass&lt;/DatasetType&gt;&lt;/CIMStandardDataConnection&gt;" &lt;operationSequence&gt;&lt;workflow&gt;&lt;AlterField&gt;&lt;field_name&gt;Precinct_newFlood&lt;/field_name&gt;&lt;new_field_name&gt;Precinct_new&lt;/new_field_name&gt;&lt;field_type&gt;TEXT&lt;/field_type&gt;&lt;field_is_nullable&gt;True&lt;/field_is_nullable&gt;&lt;clear_field_alias&gt;False&lt;/clear_field_alias&gt;&lt;/AlterField&gt;&lt;/workflow&gt;&lt;workflow&gt;&lt;AlterField&gt;&lt;field_name&gt;Split_newFlood&lt;/field_name&gt;&lt;new_field_name&gt;Split_new&lt;/new_field_name&gt;&lt;field_type&gt;TEXT&lt;/field_type&gt;&lt;field_is_nullable&gt;True&lt;/field_is_nullable&gt;&lt;clear_field_alias&gt;False&lt;/clear_field_alias&gt;&lt;/AlterField&gt;&lt;/workflow&gt;&lt;/operationSequence&gt;</Process><Process ToolSource="c:\program files\arcgis\pro\Resources\ArcToolbox\toolboxes\Data Management Tools.tbx\Rename" Date="20240319" Time="125930">Rename \\nas3\gisshare\enterprise\public\Elections\Precinct_Split_Update_Dec2023\Precinct_Split_Dec2023.gdb\Precinct_Split_CoP_done_UFSWQD_done_edits_Final \\nas3\gisshare\enterprise\public\Elections\Precinct_Split_Update_Dec2023\Precinct_Split_Dec2023.gdb\Precinct_Split_March2024_Final FeatureClass</Process><Process ToolSource="c:\program files\arcgis\pro\Resources\ArcToolbox\toolboxes\Data Management Tools.tbx\UpdateSchema" Date="20240319" Time="140019">UpdateSchema "CIMDATA=&lt;CIMStandardDataConnection xsi:type='typens:CIMStandardDataConnection' xmlns:xsi='http://www.w3.org/2001/XMLSchema-instance' xmlns:xs='http://www.w3.org/2001/XMLSchema' xmlns:typens='http://www.esri.com/schemas/ArcGIS/2.9.0'&gt;&lt;WorkspaceConnectionString&gt;DATABASE=\\nas3\gisshare\enterprise\public\Elections\Precinct_Split_Update_Dec2023\Precinct_Split_Dec2023.gdb&lt;/WorkspaceConnectionString&gt;&lt;WorkspaceFactory&gt;FileGDB&lt;/WorkspaceFactory&gt;&lt;Dataset&gt;Precinct_Split_March2024_Final&lt;/Dataset&gt;&lt;DatasetType&gt;esriDTFeatureClass&lt;/DatasetType&gt;&lt;/CIMStandardDataConnection&gt;" &lt;operationSequence&gt;&lt;workflow&gt;&lt;DeleteField&gt;&lt;field_name&gt;Precinct_old&lt;/field_name&gt;&lt;field_name&gt;Split_old&lt;/field_name&gt;&lt;/DeleteField&gt;&lt;/workflow&gt;&lt;workflow&gt;&lt;AlterField&gt;&lt;field_name&gt;Precinct_new&lt;/field_name&gt;&lt;new_field_name&gt;Precinct&lt;/new_field_name&gt;&lt;field_type&gt;TEXT&lt;/field_type&gt;&lt;field_is_nullable&gt;True&lt;/field_is_nullable&gt;&lt;clear_field_alias&gt;False&lt;/clear_field_alias&gt;&lt;/AlterField&gt;&lt;/workflow&gt;&lt;workflow&gt;&lt;AlterField&gt;&lt;field_name&gt;Split_new&lt;/field_name&gt;&lt;new_field_name&gt;Split&lt;/new_field_name&gt;&lt;field_type&gt;TEXT&lt;/field_type&gt;&lt;field_is_nullable&gt;True&lt;/field_is_nullable&gt;&lt;clear_field_alias&gt;False&lt;/clear_field_alias&gt;&lt;/AlterField&gt;&lt;/workflow&gt;&lt;/operationSequence&gt;</Process><Process ToolSource="c:\program files\arcgis\pro\Resources\ArcToolbox\toolboxes\Data Management Tools.tbx\UpdateSchema" Date="20240319" Time="140108">UpdateSchema "CIMDATA=&lt;CIMStandardDataConnection xsi:type='typens:CIMStandardDataConnection' xmlns:xsi='http://www.w3.org/2001/XMLSchema-instance' xmlns:xs='http://www.w3.org/2001/XMLSchema' xmlns:typens='http://www.esri.com/schemas/ArcGIS/2.9.0'&gt;&lt;WorkspaceConnectionString&gt;DATABASE=\\nas3\gisshare\enterprise\public\Elections\Precinct_Split_Update_Dec2023\Precinct_Split_Dec2023.gdb&lt;/WorkspaceConnectionString&gt;&lt;WorkspaceFactory&gt;FileGDB&lt;/WorkspaceFactory&gt;&lt;Dataset&gt;Precinct_Split_March2024_Final&lt;/Dataset&gt;&lt;DatasetType&gt;esriDTFeatureClass&lt;/DatasetType&gt;&lt;/CIMStandardDataConnection&gt;" &lt;operationSequence&gt;&lt;workflow&gt;&lt;AlterField&gt;&lt;field_name&gt;CoP_DISTRICT&lt;/field_name&gt;&lt;new_field_name&gt;CoP_Dist&lt;/new_field_name&gt;&lt;field_type&gt;TEXT&lt;/field_type&gt;&lt;field_is_nullable&gt;True&lt;/field_is_nullable&gt;&lt;clear_field_alias&gt;False&lt;/clear_field_alias&gt;&lt;/AlterField&gt;&lt;/workflow&gt;&lt;/operationSequence&gt;</Process><Process ToolSource="c:\program files\arcgis\pro\Resources\ArcToolbox\toolboxes\Data Management Tools.tbx\CopyFeatures" Date="20240417" Time="121727">CopyFeatures Precinct_Split_March2024_Final C:\Users\harperb\Desktop\Multnomah_Elections_Precinct_Split_2024\Precinct_Split_March2024_Final.shp # # # #</Process><Process ToolSource="c:\program files\arcgis\pro\Resources\ArcToolbox\toolboxes\Data Management Tools.tbx\Rename" Date="20240417" Time="121929">Rename C:\Users\harperb\Desktop\Multnomah_Elections_Precinct_Split_2024\Precinct_Split_March2024_Final.shp C:\Users\harperb\Desktop\Multnomah_Elections_Precinct_Split_2024\Multnomah_Elections_Precinct_Split_2024.shp ShapeFile</Process></lineage></DataProperties><SyncDate>20240417</SyncDate><SyncTime>12172700</SyncTime><ModDate>20240417</ModDate><ModTime>12172700</ModTime></Esri><dataIdInfo><envirDesc Sync="FALSE">Esri ArcGIS 13.1.2.41833</envirDesc><dataLang><languageCode value="eng" Sync="TRUE"/><countryCode value="USA" Sync="TRUE"/></dataLang><idCitation><resTitle Sync="TRUE">Precinct_Split_March2024_Final</resTitle><presForm><PresFormCd value="005" Sync="TRUE"/></presForm></idCitation><spatRpType><SpatRepTypCd value="001" Sync="TRUE"/></spatRpType></dataIdInfo><mdLang><languageCode value="eng" Sync="TRUE"/><countryCode value="USA" Sync="TRUE"/></mdLang><distInfo><distFormat><formatName Sync="TRUE">Shapefile</formatName></distFormat><distTranOps><transSize Sync="TRUE">0.000</transSize></distTranOps></distInfo><mdHrLv><ScopeCd value="005" Sync="TRUE"/></mdHrLv><mdHrLvName Sync="TRUE">dataset</mdHrLvName><refSysInfo><RefSystem><refSysID><identCode code="2913" Sync="TRUE"/><idCodeSpace Sync="TRUE">EPSG</idCodeSpace><idVersion Sync="TRUE">6.3(9.0.0)</idVersion></refSysID></RefSystem></refSysInfo><spatRepInfo><VectSpatRep><geometObjs Name="Precinct_Split_March2024_Final"><geoObjTyp><GeoObjTypCd value="002" Sync="TRUE"></GeoObjTypCd></geoObjTyp><geoObjCnt Sync="TRUE">0</geoObjCnt></geometObjs><topLvl><TopoLevCd value="001" Sync="TRUE"></TopoLevCd></topLvl></VectSpatRep></spatRepInfo><spdoinfo><ptvctinf><esriterm Name="Precinct_Split_March2024_Final"><efeatyp Sync="TRUE">Simple</efeatyp><efeageom code="4" Sync="TRUE"></efeageom><esritopo Sync="TRUE">FALSE</esritopo><efeacnt Sync="TRUE">0</efeacnt><spindex Sync="TRUE">FALSE</spindex><linrefer Sync="TRUE">FALSE</linrefer></esriterm></ptvctinf></spdoinfo><eainfo><detailed Name="Precinct_Split_March2024_Final"><enttyp><enttypl Sync="TRUE">Precinct_Split_March2024_Final</enttypl><enttypt Sync="TRUE">Feature Class</enttypt><enttypc Sync="TRUE">0</enttypc></enttyp><attr><attrlabl Sync="TRUE">FID</attrlabl><attalias Sync="TRUE">FID</attalias><attrtype Sync="TRUE">OID</attrtype><attwidth Sync="TRUE">4</attwidth><atprecis Sync="TRUE">0</atprecis><attscale Sync="TRUE">0</attscale><attrdef Sync="TRUE">Internal feature number.</attrdef><attrdefs Sync="TRUE">Esri</attrdefs><attrdomv><udom Sync="TRUE">Sequential unique whole numbers that are automatically generated.</udom></attrdomv></attr><attr><attrlabl Sync="TRUE">Shape</attrlabl><attalias Sync="TRUE">Shape</attalias><attrtype Sync="TRUE">Geometry</attrtype><attwidth Sync="TRUE">0</attwidth><atprecis Sync="TRUE">0</atprecis><attscale Sync="TRUE">0</attscale><attrdef Sync="TRUE">Feature geometry.</attrdef><attrdefs Sync="TRUE">Esri</attrdefs><attrdomv><udom Sync="TRUE">Coordinates defining the features.</udom></attrdomv></attr><attr><attrlabl Sync="TRUE">OR_House</attrlabl><attalias Sync="TRUE">OR_House</attalias><attrtype Sync="TRUE">String</attrtype><attwidth Sync="TRUE">254</attwidth><atprecis Sync="TRUE">0</atprecis><attscale Sync="TRUE">0</attscale></attr><attr><attrlabl Sync="TRUE">OR_Senate</attrlabl><attalias Sync="TRUE">OR_Senate</attalias><attrtype Sync="TRUE">String</attrtype><attwidth Sync="TRUE">254</attwidth><atprecis Sync="TRUE">0</atprecis><attscale Sync="TRUE">0</attscale></attr><attr><attrlabl Sync="TRUE">Unincorp</attrlabl><attalias Sync="TRUE">Unincorp</attalias><attrtype Sync="TRUE">String</attrtype><attwidth Sync="TRUE">30</attwidth><atprecis Sync="TRUE">0</atprecis><attscale Sync="TRUE">0</attscale></attr><attr><attrlabl Sync="TRUE">METRO</attrlabl><attalias Sync="TRUE">METRO</attalias><attrtype Sync="TRUE">String</attrtype><attwidth Sync="TRUE">254</attwidth><atprecis Sync="TRUE">0</atprecis><attscale Sync="TRUE">0</attscale></attr><attr><attrlabl Sync="TRUE">Mult_Comm</attrlabl><attalias Sync="TRUE">Mult_Comm</attalias><attrtype Sync="TRUE">String</attrtype><attwidth Sync="TRUE">254</attwidth><atprecis Sync="TRUE">0</atprecis><attscale Sync="TRUE">0</attscale></attr><attr><attrlabl Sync="TRUE">ESD</attrlabl><attalias Sync="TRUE">ESD</attalias><attrtype Sync="TRUE">String</attrtype><attwidth Sync="TRUE">20</attwidth><atprecis Sync="TRUE">0</atprecis><attscale Sync="TRUE">0</attscale></attr><attr><attrlabl Sync="TRUE">CITY</attrlabl><attalias Sync="TRUE">CITY</attalias><attrtype Sync="TRUE">String</attrtype><attwidth Sync="TRUE">30</attwidth><atprecis Sync="TRUE">0</atprecis><attscale Sync="TRUE">0</attscale></attr><attr><attrlabl Sync="TRUE">TRAN_DIST</attrlabl><attalias Sync="TRUE">TRAN_DIST</attalias><attrtype Sync="TRUE">String</attrtype><attwidth Sync="TRUE">80</attwidth><atprecis Sync="TRUE">0</atprecis><attscale Sync="TRUE">0</attscale></attr><attr><attrlabl Sync="TRUE">WaterDist</attrlabl><attalias Sync="TRUE">WaterDist</attalias><attrtype Sync="TRUE">String</attrtype><attwidth Sync="TRUE">50</attwidth><atprecis Sync="TRUE">0</atprecis><attscale Sync="TRUE">0</attscale></attr><attr><attrlabl Sync="TRUE">SewerDist</attrlabl><attalias Sync="TRUE">SewerDist</attalias><attrtype Sync="TRUE">String</attrtype><attwidth Sync="TRUE">36</attwidth><atprecis Sync="TRUE">0</atprecis><attscale Sync="TRUE">0</attscale></attr><attr><attrlabl Sync="TRUE">SchoolDist</attrlabl><attalias Sync="TRUE">SchoolDist</attalias><attrtype Sync="TRUE">String</attrtype><attwidth Sync="TRUE">254</attwidth><atprecis Sync="TRUE">0</atprecis><attscale Sync="TRUE">0</attscale></attr><attr><attrlabl Sync="TRUE">FIRE_DIST</attrlabl><attalias Sync="TRUE">FIRE_DIST</attalias><attrtype Sync="TRUE">String</attrtype><attwidth Sync="TRUE">75</attwidth><atprecis Sync="TRUE">0</atprecis><attscale Sync="TRUE">0</attscale></attr><attr><attrlabl Sync="TRUE">CommColleg</attrlabl><attalias Sync="TRUE">CommColleg</attalias><attrtype Sync="TRUE">String</attrtype><attwidth Sync="TRUE">50</attwidth><atprecis Sync="TRUE">0</atprecis><attscale Sync="TRUE">0</attscale></attr><attr><attrlabl Sync="TRUE">Soil_Water</attrlabl><attalias Sync="TRUE">Soil_Water</attalias><attrtype Sync="TRUE">String</attrtype><attwidth Sync="TRUE">40</attwidth><atprecis Sync="TRUE">0</atprecis><attscale Sync="TRUE">0</attscale></attr><attr><attrlabl Sync="TRUE">USCongress</attrlabl><attalias Sync="TRUE">USCongress</attalias><attrtype Sync="TRUE">String</attrtype><attwidth Sync="TRUE">254</attwidth><atprecis Sync="TRUE">0</atprecis><attscale Sync="TRUE">0</attscale></attr><attr><attrlabl Sync="TRUE">PUD</attrlabl><attalias Sync="TRUE">PUD</attalias><attrtype Sync="TRUE">String</attrtype><attwidth Sync="TRUE">40</attwidth><atprecis Sync="TRUE">0</atprecis><attscale Sync="TRUE">0</attscale></attr><attr><attrlabl Sync="TRUE">CoP_Dist</attrlabl><attalias Sync="TRUE">CoP_Dist</attalias><attrtype Sync="TRUE">String</attrtype><attwidth Sync="TRUE">1</attwidth><atprecis Sync="TRUE">0</atprecis><attscale Sync="TRUE">0</attscale></attr><attr><attrlabl Sync="TRUE">UFSWQD</attrlabl><attalias Sync="TRUE">UFSWQD</attalias><attrtype Sync="TRUE">String</attrtype><attwidth Sync="TRUE">20</attwidth><atprecis Sync="TRUE">0</atprecis><attscale Sync="TRUE">0</attscale></attr><attr><attrlabl Sync="TRUE">Precinct</attrlabl><attalias Sync="TRUE">Precinct</attalias><attrtype Sync="TRUE">String</attrtype><attwidth Sync="TRUE">10</attwidth><atprecis Sync="TRUE">0</atprecis><attscale Sync="TRUE">0</attscale></attr><attr><attrlabl Sync="TRUE">Split</attrlabl><attalias Sync="TRUE">Split</attalias><attrtype Sync="TRUE">String</attrtype><attwidth Sync="TRUE">5</attwidth><atprecis Sync="TRUE">0</atprecis><attscale Sync="TRUE">0</attscale></attr><attr><attrlabl Sync="TRUE">Shape_Leng</attrlabl><attalias Sync="TRUE">Shape_Leng</attalias><attrtype Sync="TRUE">Double</attrtype><attwidth Sync="TRUE">19</attwidth><atprecis Sync="TRUE">0</atprecis><attscale Sync="TRUE">0</attscale></attr><attr><attrlabl Sync="TRUE">Shape_Area</attrlabl><attalias Sync="TRUE">Shape_Area</attalias><attrtype Sync="TRUE">Double</attrtype><attwidth Sync="TRUE">19</attwidth><atprecis Sync="TRUE">0</atprecis><attscale Sync="TRUE">0</attscale><attrdef Sync="TRUE">Area of feature in internal units squared.</attrdef><attrdefs Sync="TRUE">Esri</attrdefs><attrdomv><udom Sync="TRUE">Positive real numbers that are automatically generated.</udom></attrdomv></attr></detailed></eainfo><mdDateSt Sync="TRUE">20240417</mdDateSt></metadata>
