precinct,TOTAL,DEM,REP,NAV,OTH,CON,IND,LBT,NLB,PGP,PRO,WFP,WTP,pct_dem,pct_rep,pct_nav,pct_oth,pct_con,pct_ind,pct_lbt,pct_nlb,pct_pgp,pct_pro,pct_wfp,pct_wtp,dem_advantage,major_party_pct,nav_pct_rank,political_lean,cnt_splitt,cnt_cavagnolo,cnt_leof,cnt_writein,cnt_total_votes,participated_election,pct_splitt,pct_cavagnolo,pct_leof,pct_writein,turnout_rate,vote_margin,margin_pct,leading_candidate,competitiveness,dem_performance_vs_reg,rep_performance_vs_reg,high_turnout,engagement_score,record_type,in_zone1,has_voter_data,has_election_data,complete_record
2801,8457.0,4940.0,546.0,2461.0,27.0,1.0,327.0,49.0,19.0,43.0,19.0,24.0,1.0,0.5841314887075795,0.06456190138346932,0.29100153718812816,0.0031926214969847464,0.00011824524062906468,0.03866619368570415,0.005794016790824169,0.002246659571952229,0.0050845453470497815,0.002246659571952229,0.002837885775097552,0.00011824524062906468,0.5195695873241102,0.6486933900910488,0.29100153718812816,Strong Dem,1786.0,496.0,29.0,10.0,2321.0,True,0.7694959069366653,0.2137009909521758,0.012494614390348987,0.004308487720809996,0.27444720350005913,1290.0,0.5557949159844895,Splitt,Safe,0.18536441822908578,0.14913908956870647,1.0,0.3128769067045052,precinct,True,True,True,True
2802,1202.0,659.0,173.0,301.0,3.0,0.0,56.0,5.0,0.0,3.0,1.0,1.0,0.0,0.5482529118136439,0.14392678868552414,0.2504159733777038,0.0024958402662229617,0.0,0.04658901830282862,0.004159733777038269,0.0,0.0024958402662229617,0.0008319467554076539,0.0008319467554076539,0.0,0.4043261231281198,0.692179700499168,0.2504159733777038,Strong Dem,264.0,82.0,3.0,0.0,349.0,True,0.7564469914040115,0.2349570200573066,0.008595988538681949,0.0,0.29034941763727123,182.0,0.5214899713467048,Splitt,Safe,0.20819407959036762,0.09103023137178246,1.0,0.29908485856905165,precinct,True,True,True,True
2803,3465.0,1816.0,173.0,1216.0,11.0,3.0,155.0,20.0,20.0,23.0,19.0,9.0,0.0,0.5240981240981241,0.049927849927849925,0.35093795093795094,0.0031746031746031746,0.0008658008658008658,0.044733044733044736,0.005772005772005772,0.005772005772005772,0.006637806637806638,0.005483405483405483,0.0025974025974025974,0.0,0.47417027417027413,0.574025974025974,0.35093795093795094,Strong Dem,482.0,130.0,12.0,4.0,628.0,True,0.767515923566879,0.2070063694267516,0.01910828025477707,0.006369426751592357,0.18124098124098123,352.0,0.5605095541401274,Splitt,Safe,0.24341779946875497,0.15707851949890167,0.0,0.3036075036075036,precinct,True,True,True,True
2804,7542.0,4410.0,729.0,1951.0,28.0,2.0,313.0,36.0,13.0,27.0,13.0,19.0,1.0,0.5847255369928401,0.09665871121718377,0.2586846990188279,0.0037125430920180325,0.00026518164942985947,0.041500928135773,0.00477326968973747,0.0017236807212940865,0.003579952267303103,0.0017236807212940865,0.002519225669583665,0.00013259082471492973,0.48806682577565635,0.6813842482100239,0.2586846990188279,Strong Dem,1618.0,542.0,26.0,13.0,2199.0,True,0.7357889949977262,0.2464756707594361,0.01182355616189177,0.005911778080945885,0.29156722354813047,1076.0,0.48931332423829016,Splitt,Safe,0.15106345800488608,0.14981695954225233,1.0,0.3050914876690533,precinct,True,True,True,True
2805,9086.0,5325.0,919.0,2372.0,41.0,2.0,316.0,44.0,13.0,31.0,7.0,16.0,0.0,0.5860664758969844,0.10114461809377064,0.2610609729253797,0.004512436715826546,0.00022011886418666079,0.03477878054149241,0.004842615012106538,0.001430772617213295,0.0034118423948932422,0.0007704160246533128,0.0017609509134932863,0.0,0.48492185780321373,0.687211093990755,0.2610609729253797,Strong Dem,2256.0,510.0,37.0,15.0,2818.0,True,0.8005677785663591,0.18097941802696949,0.01312987934705465,0.00532292405961675,0.3101474796390051,1746.0,0.6195883605393896,Splitt,Safe,0.21450130266937473,0.07983479993319885,1.0,0.3114681928241251,precinct,True,True,True,True
2806,9631.0,5600.0,650.0,2774.0,54.0,8.0,387.0,32.0,24.0,46.0,18.0,38.0,0.0,0.5814557159173502,0.06749039559754957,0.2880282421347731,0.005606894403488734,0.0008306510227390718,0.04018274322500259,0.003322604090956287,0.002491953068217215,0.004776243380749662,0.0018689648011629115,0.003945592358010591,0.0,0.5139653203198007,0.6489461115148998,0.2880282421347731,Strong Dem,2270.0,443.0,35.0,13.0,2761.0,True,0.8221658819268381,0.1604491126403477,0.012676566461427018,0.004708438971387179,0.28667843422282213,1827.0,0.6617167692864904,Splitt,Safe,0.2407101660094879,0.09295871704279812,1.0,0.3188661613539612,precinct,True,True,True,True
3101,2306.0,969.0,508.0,634.0,17.0,0.0,140.0,9.0,5.0,9.0,2.0,13.0,0.0,0.4202081526452732,0.22029488291413704,0.27493495229835213,0.007372072853425846,0.0,0.060711188204683436,0.0039028620988725065,0.002168256721595837,0.0039028620988725065,0.0008673026886383347,0.005637467476149176,0.0,0.19991326973113618,0.6405030355594102,0.27493495229835213,Lean Dem,177.0,88.0,10.0,3.0,278.0,True,0.6366906474820144,0.31654676258992803,0.03597122302158273,0.01079136690647482,0.12055507372072853,89.0,0.32014388489208634,Splitt,Safe,0.2164824948367412,0.09625187967579099,0.0,0.24002601908065915,precinct,True,True,True,True
3301,1329.0,692.0,207.0,347.0,9.0,0.0,62.0,6.0,1.0,4.0,1.0,0.0,0.0,0.5206922498118887,0.15575620767494355,0.26109857035364936,0.006772009029345372,0.0,0.046651617757712566,0.004514672686230248,0.0007524454477050414,0.0030097817908201654,0.0007524454477050414,0.0,0.0,0.3649360421369451,0.6764484574868322,0.26109857035364936,Strong Dem,198.0,87.0,3.0,4.0,292.0,True,0.678082191780822,0.2979452054794521,0.010273972602739725,0.0136986301369863,0.2197140707298721,111.0,0.3801369863013699,Splitt,Safe,0.1573899419689333,0.14218899780450853,0.0,0.2716328066215199,precinct,True,True,True,True
3302,8805.0,4930.0,522.0,2736.0,42.0,6.0,393.0,39.0,20.0,47.0,25.0,44.0,1.0,0.5599091425326519,0.05928449744463373,0.310732538330494,0.004770017035775128,0.0006814310051107325,0.04463373083475298,0.004429301533219762,0.002271436683702442,0.005337876206700738,0.0028392958546280523,0.004997160704145372,0.00011357183418512209,0.5006246450880182,0.6191936399772856,0.310732538330494,Strong Dem,1314.0,416.0,32.0,13.0,1775.0,True,0.7402816901408451,0.2343661971830986,0.018028169014084508,0.007323943661971831,0.2015900056785917,898.0,0.5059154929577465,Splitt,Safe,0.1803725476081932,0.17508169973846485,0.0,0.291198182850653,precinct,True,True,True,True
3303,9533.0,4606.0,497.0,3599.0,64.0,8.0,467.0,54.0,56.0,54.0,43.0,85.0,0.0,0.48316374698416026,0.05213469002412672,0.37753068289101016,0.006713521451799014,0.0008391901814748768,0.04898772684359593,0.005664533724955418,0.005874331270324137,0.005664533724955418,0.004510647225427463,0.008916395678170565,0.0,0.4310290569600335,0.5352984370082869,0.37753068289101016,Strong Dem,1142.0,278.0,50.0,8.0,1478.0,True,0.7726657645466847,0.1880920162381597,0.03382949932341001,0.005412719891745603,0.1550403860274835,864.0,0.584573748308525,Splitt,Safe,0.2895020175625244,0.13595732621403298,0.0,0.3098709745095983,precinct,True,True,True,True
3304,8816.0,4878.0,643.0,2786.0,29.0,5.0,372.0,35.0,18.0,22.0,18.0,9.0,1.0,0.5533121597096189,0.07293557168784029,0.31601633393829404,0.003289473684210526,0.0005671506352087115,0.04219600725952813,0.00397005444646098,0.002041742286751361,0.0024954627949183303,0.002041742286751361,0.0010208711433756805,0.00011343012704174228,0.4803765880217786,0.6262477313974592,0.31601633393829404,Strong Dem,1594.0,577.0,37.0,8.0,2216.0,True,0.7193140794223827,0.26037906137184114,0.016696750902527077,0.0036101083032490976,0.2513611615245009,1017.0,0.45893501805054154,Splitt,Safe,0.1660019197127638,0.18744348968400085,1.0,0.3125567150635209,precinct,True,True,True,True
3305,35.0,15.0,9.0,10.0,0.0,0.0,1.0,0.0,0.0,0.0,0.0,0.0,0.0,0.42857142857142855,0.2571428571428571,0.2857142857142857,0.0,0.0,0.02857142857142857,0.0,0.0,0.0,0.0,0.0,0.0,0.17142857142857143,0.6857142857142857,0.2857142857142857,Lean Dem,7.0,3.0,0.0,0.0,10.0,True,0.7,0.3,0.0,0.0,0.2857142857142857,4.0,0.4,Splitt,Safe,0.2714285714285714,0.04285714285714287,1.0,0.3,precinct,True,True,True,True
3306,8812.0,4054.0,488.0,3444.0,86.0,14.0,453.0,64.0,39.0,53.0,38.0,79.0,0.0,0.46005447117566955,0.05537902859736723,0.3908306854289605,0.009759418974126192,0.0015887426236949613,0.05140717203812982,0.007262823422605538,0.00442578302315025,0.006014525646845211,0.004312301407172038,0.008965047662278711,0.0,0.40467544257830235,0.5154334997730368,0.3908306854289605,Strong Dem,828.0,251.0,32.0,9.0,1120.0,True,0.7392857142857143,0.22410714285714287,0.02857142857142857,0.008035714285714285,0.12709940989559693,577.0,0.5151785714285714,Splitt,Safe,0.27923124311004477,0.16872811425977563,0.0,0.30583295506128005,precinct,True,True,True,True
3307,6109.0,3359.0,288.0,2038.0,27.0,1.0,261.0,34.0,26.0,28.0,22.0,24.0,1.0,0.5498444917335079,0.04714355868390899,0.3336061548534948,0.0044197086266164675,0.0001636929120969062,0.04272385005729252,0.005565559011294811,0.004256015714519562,0.004583401538713373,0.0036012440661319363,0.003928629890325749,0.0001636929120969062,0.502700933049599,0.5969880504174169,0.3336061548534948,Strong Dem,928.0,234.0,19.0,4.0,1185.0,True,0.7831223628691983,0.19746835443037974,0.016033755274261603,0.0033755274261603376,0.19397610083483385,694.0,0.5856540084388185,Splitt,Safe,0.23327787113569043,0.15032479574647076,0.0,0.2984940252087085,precinct,True,True,True,True
3308,4110.0,2218.0,229.0,1379.0,28.0,3.0,142.0,28.0,7.0,21.0,22.0,32.0,1.0,0.5396593673965937,0.055717761557177614,0.33552311435523113,0.006812652068126521,0.00072992700729927,0.03454987834549878,0.006812652068126521,0.0017031630170316302,0.0051094890510948905,0.00535279805352798,0.007785888077858881,0.00024330900243309004,0.4839416058394161,0.5953771289537713,0.33552311435523113,Strong Dem,706.0,127.0,21.0,3.0,857.0,True,0.823803967327888,0.14819136522753792,0.024504084014002333,0.003500583430571762,0.20851581508515815,579.0,0.67561260210035,Splitt,Safe,0.28414459993129426,0.09247360367036031,0.0,0.30656934306569344,precinct,True,True,True,True
3401,828.0,408.0,76.0,292.0,5.0,0.0,42.0,1.0,0.0,3.0,1.0,0.0,0.0,0.4927536231884058,0.09178743961352658,0.3526570048309179,0.006038647342995169,0.0,0.050724637681159424,0.0012077294685990338,0.0,0.0036231884057971015,0.0012077294685990338,0.0,0.0,0.40096618357487923,0.5845410628019324,0.3526570048309179,Strong Dem,134.0,54.0,2.0,0.0,190.0,True,0.7052631578947368,0.28421052631578947,0.010526315789473684,0.0,0.22946859903381642,80.0,0.42105263157894735,Splitt,Safe,0.212509534706331,0.19242308670226288,0.0,0.322463768115942,precinct,True,True,True,True
3402,167.0,79.0,23.0,55.0,1.0,0.0,9.0,0.0,0.0,0.0,0.0,0.0,0.0,0.47305389221556887,0.1377245508982036,0.32934131736526945,0.005988023952095809,0.0,0.05389221556886228,0.0,0.0,0.0,0.0,0.0,0.0,0.33532934131736525,0.6107784431137725,0.32934131736526945,Strong Dem,,,,,,False,,,,,,,,No Election Data,No Election Data,,,,,precinct,False,True,False,False
3801,1282.0,617.0,211.0,359.0,4.0,0.0,78.0,8.0,1.0,3.0,0.0,0.0,1.0,0.48127925117004683,0.16458658346333854,0.2800312012480499,0.0031201248049922,0.0,0.060842433697347896,0.0062402496099844,0.00078003120124805,0.00234009360374415,0.0,0.0,0.00078003120124805,0.3166926677067083,0.6458658346333854,0.2800312012480499,Strong Dem,13.0,7.0,0.0,0.0,20.0,True,0.65,0.35,0.0,0.0,0.015600624024960999,6.0,0.3,Splitt,Safe,0.1687207488299532,0.18541341653666144,0.0,0.18486739469578778,precinct,True,True,True,True
3802,2203.0,1110.0,342.0,596.0,11.0,0.0,115.0,9.0,5.0,8.0,3.0,4.0,0.0,0.5038583749432592,0.15524285065819338,0.2705401724920563,0.004993191103041307,0.0,0.05220154334997731,0.0040853381752156154,0.0022696323195642307,0.003631411711302769,0.0013617793917385383,0.0018157058556513845,0.0,0.34861552428506587,0.6591012256014526,0.2705401724920563,Strong Dem,347.0,137.0,11.0,1.0,496.0,True,0.6995967741935484,0.2762096774193548,0.02217741935483871,0.0020161290322580645,0.22514752610077168,210.0,0.42338709677419356,Splitt,Safe,0.19573839925028913,0.12096682676116144,0.0,0.28302315024965957,precinct,True,True,True,True
3803,8641.0,5070.0,864.0,2195.0,35.0,0.0,344.0,47.0,14.0,35.0,13.0,20.0,4.0,0.5867376461057748,0.0999884272653628,0.2540215252864252,0.004050457123018169,0.0,0.03981020715195001,0.005439185279481541,0.0016201828492072676,0.004050457123018169,0.00150445550283532,0.002314546927438954,0.0004629093854877908,0.486749218840412,0.6867260733711377,0.2540215252864252,Strong Dem,2033.0,641.0,31.0,16.0,2721.0,True,0.7471517824329291,0.23557515619257627,0.01139287026828372,0.005880191106210952,0.3148941094780697,1392.0,0.5115766262403528,Splitt,Safe,0.1604141363271543,0.13558672892721346,1.0,0.314084018053466,precinct,True,True,True,True
3804,3956.0,2056.0,411.0,1241.0,22.0,1.0,165.0,23.0,4.0,17.0,6.0,10.0,0.0,0.5197168857431749,0.1038928210313448,0.3137007077856421,0.005561172901921132,0.0002527805864509606,0.041708796764408494,0.005813953488372093,0.0010111223458038423,0.004297269969666329,0.0015166835187057635,0.0025278058645096056,0.0,0.4158240647118301,0.6236097067745197,0.3137007077856421,Strong Dem,680.0,208.0,18.0,6.0,912.0,True,0.7456140350877193,0.22807017543859648,0.019736842105263157,0.006578947368421052,0.23053589484327602,472.0,0.5175438596491229,Splitt,Safe,0.2258971493445444,0.12417735440725168,1.0,0.3034630940343782,precinct,True,True,True,True
3805,7567.0,4109.0,660.0,2318.0,21.0,3.0,337.0,43.0,21.0,26.0,15.0,14.0,0.0,0.5430157261794635,0.08722082727633144,0.30633011761596407,0.0027752081406105457,0.00039645830580150654,0.04453548301836924,0.005682569049821594,0.0027752081406105457,0.003435971983613057,0.001982291529007533,0.0018501387604070306,0.0,0.455794898903132,0.6302365534557949,0.30633011761596407,Strong Dem,1426.0,389.0,28.0,5.0,1848.0,True,0.7716450216450217,0.2104978354978355,0.015151515151515152,0.0027056277056277055,0.24421831637372804,1037.0,0.5611471861471862,Splitt,Safe,0.2286292954655582,0.12327700822150404,1.0,0.3069908814589666,precinct,True,True,True,True
3806,184.0,104.0,6.0,62.0,0.0,0.0,10.0,1.0,1.0,0.0,0.0,0.0,0.0,0.5652173913043478,0.03260869565217391,0.33695652173913043,0.0,0.0,0.05434782608695652,0.005434782608695652,0.005434782608695652,0.0,0.0,0.0,0.0,0.5326086956521738,0.5978260869565217,0.33695652173913043,Strong Dem,,,,,,False,,,,,,,,No Election Data,No Election Data,,,,,precinct,False,True,False,False
4101,3213.0,2046.0,221.0,779.0,10.0,1.0,126.0,10.0,3.0,8.0,5.0,4.0,0.0,0.6367880485527544,0.06878306878306878,0.24245253657018362,0.003112356053532524,0.0003112356053532524,0.0392156862745098,0.003112356053532524,0.0009337068160597573,0.0024898848428260194,0.001556178026766262,0.0012449424214130097,0.0,0.5680049797696856,0.7055711173358232,0.24245253657018362,Strong Dem,885.0,181.0,15.0,7.0,1088.0,True,0.8134191176470589,0.16636029411764705,0.013786764705882353,0.006433823529411764,0.3386243386243386,704.0,0.6470588235294118,Splitt,Safe,0.17663106909430448,0.09757722533457827,1.0,0.3165266106442577,precinct,True,True,True,True
4102,3480.0,2124.0,203.0,922.0,19.0,0.0,152.0,16.0,7.0,19.0,8.0,10.0,0.0,0.6103448275862069,0.058333333333333334,0.2649425287356322,0.005459770114942529,0.0,0.04367816091954023,0.004597701149425287,0.002011494252873563,0.005459770114942529,0.0022988505747126436,0.0028735632183908046,0.0,0.5520114942528735,0.6686781609195402,0.2649425287356322,Strong Dem,737.0,141.0,17.0,3.0,898.0,True,0.8207126948775055,0.15701559020044542,0.01893095768374165,0.0033407572383073497,0.25804597701149423,596.0,0.6636971046770601,Splitt,Safe,0.21036786729129864,0.09868225686711209,1.0,0.294683908045977,precinct,True,True,True,True
4103,4057.0,2576.0,319.0,928.0,17.0,1.0,164.0,8.0,5.0,22.0,7.0,10.0,0.0,0.6349519349272862,0.07862952920877496,0.22874044860734533,0.004190288390436283,0.00024648755237860487,0.0404239585900912,0.001971900419028839,0.0012324377618930244,0.005422726152329307,0.0017254128666502342,0.002464875523786049,0.0,0.5563224057185112,0.7135814641360612,0.22874044860734533,Strong Dem,1126.0,288.0,16.0,8.0,1438.0,True,0.7830319888734353,0.20027816411682892,0.011126564673157162,0.005563282336578581,0.3544491003204338,838.0,0.5827538247566064,Splitt,Safe,0.1480800539461491,0.12164863490805396,1.0,0.3204338180921863,precinct,True,True,True,True
4104,6139.0,3741.0,353.0,1653.0,44.0,7.0,225.0,19.0,12.0,29.0,19.0,37.0,0.0,0.6093826356084053,0.05750122169734485,0.26926209480371394,0.007167291089754032,0.0011402508551881414,0.03665092034533311,0.003094966606939241,0.0019547157517510994,0.004723896400065157,0.003094966606939241,0.00602704023456589,0.0,0.5518814139110605,0.6668838573057502,0.26926209480371394,Strong Dem,1567.0,261.0,22.0,8.0,1858.0,True,0.8433799784714747,0.14047362755651238,0.011840688912809472,0.004305705059203444,0.30265515556279526,1306.0,0.7029063509149623,Splitt,Safe,0.2339973428630694,0.08297240585916754,1.0,0.3178856491285226,precinct,True,True,True,True
4105,7445.0,4753.0,340.0,1943.0,39.0,0.0,262.0,23.0,15.0,30.0,21.0,19.0,0.0,0.6384150436534587,0.04566823371390195,0.2609805238415044,0.005238415043653459,0.0,0.03519140362659503,0.0030893216924110143,0.0020147750167897917,0.004029550033579583,0.0028206850235057085,0.0025520483546004028,0.0,0.5927468099395568,0.6840832773673606,0.2609805238415044,Strong Dem,1843.0,318.0,29.0,10.0,2200.0,True,0.8377272727272728,0.14454545454545453,0.013181818181818182,0.004545454545454545,0.2955003357958361,1525.0,0.6931818181818182,Splitt,Safe,0.19931222907381407,0.09887722083155259,1.0,0.30570852921423775,precinct,True,True,True,True
4201,6474.0,3739.0,215.0,2097.0,33.0,3.0,218.0,34.0,16.0,46.0,35.0,38.0,0.0,0.5775409329626197,0.03320976212542478,0.32391102873030586,0.005097312326227989,0.0004633920296570899,0.03367315415508187,0.005251776336113685,0.002471424158171146,0.007105344454742045,0.0054062403459993824,0.005869632375656472,0.0,0.5443311708371948,0.6107506950880445,0.32391102873030586,Strong Dem,1277.0,161.0,16.0,1.0,1455.0,True,0.8776632302405498,0.11065292096219931,0.010996563573883162,0.0006872852233676976,0.2247451343836886,1116.0,0.7670103092783506,Splitt,Safe,0.30012229727793016,0.07744315883677452,0.0,0.30699721964782206,precinct,True,True,True,True
4202,9000.0,5848.0,239.0,2403.0,49.0,2.0,271.0,36.0,19.0,76.0,33.0,24.0,0.0,0.6497777777777778,0.026555555555555554,0.267,0.0054444444444444445,0.00022222222222222223,0.030111111111111113,0.004,0.002111111111111111,0.008444444444444444,0.0036666666666666666,0.0026666666666666666,0.0,0.6232222222222222,0.6763333333333333,0.267,Strong Dem,2100.0,295.0,31.0,1.0,2427.0,True,0.865265760197775,0.1215492377420684,0.01277297074577668,0.00041203131437989287,0.26966666666666667,1805.0,0.7437165224557066,Splitt,Safe,0.21548798241999723,0.09499368218651284,1.0,0.29666666666666663,precinct,True,True,True,True
4203,8236.0,5134.0,307.0,2340.0,35.0,2.0,244.0,41.0,18.0,58.0,22.0,35.0,0.0,0.6233608547838757,0.03727537639630889,0.2841185041282176,0.004249635745507528,0.00024283632831471587,0.02962603205439534,0.004978144730451675,0.002185526954832443,0.007042253521126761,0.0026711996114618746,0.004249635745507528,0.0,0.5860854783875669,0.6606362311801846,0.2841185041282176,Strong Dem,1840.0,261.0,28.0,5.0,2134.0,True,0.8622305529522024,0.12230552952202436,0.013120899718837863,0.0023430178069353325,0.25910636231180184,1579.0,0.7399250234301781,Splitt,Safe,0.2388696981683267,0.08503015312571548,1.0,0.29923506556580864,precinct,True,True,True,True
4204,7862.0,4986.0,240.0,2170.0,31.0,4.0,261.0,34.0,19.0,57.0,29.0,31.0,0.0,0.6341897735945052,0.030526583566522512,0.27601119308064104,0.003943017044009158,0.0005087763927753752,0.03319765962859323,0.0043245993385906895,0.0024166878656830325,0.007250063597049097,0.00368862884762147,0.003943017044009158,0.0,0.6036631900279827,0.6647163571610277,0.27601119308064104,Strong Dem,1971.0,266.0,13.0,9.0,2259.0,True,0.8725099601593626,0.11775121735281098,0.005754758742806552,0.00398406374501992,0.28733146781989316,1705.0,0.7547587428065515,Splitt,Safe,0.23832018656485732,0.08722463378628847,1.0,0.3113075553294327,precinct,True,True,True,True
4205,8771.0,5076.0,231.0,2902.0,41.0,6.0,283.0,44.0,26.0,62.0,48.0,52.0,0.0,0.578725344886558,0.026336791699920193,0.3308630714855775,0.004674495496522631,0.0006840725116862387,0.03226542013453426,0.005016531752365751,0.0029643142173070344,0.007068749287424467,0.00547258009348991,0.005928628434614069,0.0,0.5523885531866378,0.6050621365864782,0.3308630714855775,Strong Dem,1343.0,159.0,19.0,7.0,1528.0,True,0.8789267015706806,0.10405759162303665,0.012434554973821989,0.004581151832460733,0.1742104663094288,1184.0,0.774869109947644,Splitt,Safe,0.3002013566841226,0.07772079992311647,0.0,0.2845741648614753,precinct,True,True,True,True
4206,6621.0,3796.0,220.0,2129.0,40.0,4.0,251.0,40.0,17.0,50.0,24.0,50.0,0.0,0.5733272919498565,0.03322760912248905,0.32155263555354174,0.006041383476816191,0.0006041383476816191,0.0379096813170216,0.006041383476816191,0.002567587977646881,0.007551729346020239,0.0036248300860897147,0.007551729346020239,0.0,0.5400996828273675,0.6065549010723456,0.32155263555354174,Strong Dem,1175.0,165.0,20.0,5.0,1365.0,True,0.8608058608058609,0.12087912087912088,0.014652014652014652,0.003663003663003663,0.20616221114635253,1010.0,0.73992673992674,Splitt,Safe,0.2874785688560043,0.08765151175663183,0.0,0.29980365503700346,precinct,True,True,True,True
4207,3762.0,2469.0,163.0,927.0,17.0,1.0,127.0,14.0,5.0,17.0,10.0,12.0,0.0,0.6562998405103668,0.04332801701222754,0.24641148325358853,0.004518872939925572,0.0002658160552897395,0.03375863902179692,0.003721424774056353,0.0013290802764486975,0.004518872939925572,0.002658160552897395,0.003189792663476874,0.0,0.6129718234981393,0.6996278575225944,0.24641148325358853,Strong Dem,968.0,174.0,6.0,5.0,1153.0,True,0.839549002601908,0.15091066782307025,0.005203816131830009,0.004336513443191674,0.30648591174906964,794.0,0.6886383347788378,Splitt,Safe,0.18324916209154118,0.1075826508108427,1.0,0.3034290271132376,precinct,True,True,True,True
4208,3553.0,2380.0,169.0,818.0,18.0,1.0,112.0,23.0,5.0,12.0,4.0,10.0,1.0,0.6698564593301436,0.04756543765831692,0.23022797635800732,0.0050661412890515055,0.00028145229383619476,0.031522656909653814,0.00647340275823248,0.0014072614691809737,0.0033774275260343373,0.001125809175344779,0.0028145229383619475,0.00028145229383619476,0.6222910216718267,0.7174218969884605,0.23022797635800732,Strong Dem,952.0,196.0,13.0,7.0,1168.0,True,0.815068493150685,0.1678082191780822,0.01113013698630137,0.0059931506849315065,0.3287362792006755,756.0,0.6472602739726028,Splitt,Safe,0.14521203382054138,0.12024278151976528,1.0,0.3056571911061075,precinct,True,True,True,True
4301,5177.0,3134.0,144.0,1564.0,22.0,4.0,181.0,21.0,12.0,28.0,17.0,50.0,0.0,0.6053699053505891,0.027815337067799883,0.3021054664863821,0.004249565385358316,0.0007726482518833301,0.03496233339772069,0.004056403322387483,0.0023179447556499902,0.0054085377631833105,0.003283755070504153,0.009658103148541626,0.0,0.5775545682827892,0.633185242418389,0.3021054664863821,Strong Dem,927.0,120.0,24.0,3.0,1074.0,True,0.8631284916201117,0.11173184357541899,0.0223463687150838,0.002793296089385475,0.20745605563067412,807.0,0.7513966480446927,Splitt,Safe,0.25775858626952264,0.0839165065076191,0.0,0.28713540660614256,precinct,True,True,True,True
4302,7357.0,4175.0,200.0,2510.0,30.0,4.0,252.0,35.0,22.0,44.0,25.0,60.0,0.0,0.5674867473154819,0.027184993883376377,0.34117167323637354,0.004077749082506457,0.0005436998776675275,0.03425309229305423,0.004757373929590866,0.0029903493271714013,0.005980698654342803,0.003398124235422047,0.008155498165012914,0.0,0.5403017534321055,0.5946717411988582,0.34117167323637354,Strong Dem,1044.0,156.0,21.0,3.0,1224.0,True,0.8529411764705882,0.12745098039215685,0.01715686274509804,0.0024509803921568627,0.16637216256626342,888.0,0.7254901960784313,Splitt,Safe,0.2854544291551063,0.10026598650878048,0.0,0.2858502106837026,precinct,True,True,True,True
4303,8768.0,5589.0,198.0,2482.0,54.0,3.0,239.0,40.0,18.0,56.0,21.0,68.0,0.0,0.6374315693430657,0.022582116788321168,0.2830748175182482,0.0061587591240875915,0.00034215328467153286,0.027258211678832116,0.004562043795620438,0.002052919708029197,0.006386861313868613,0.00239507299270073,0.007755474452554745,0.0,0.6148494525547445,0.6600136861313868,0.2830748175182482,Strong Dem,1638.0,168.0,35.0,6.0,1847.0,True,0.8868435300487276,0.09095831077422847,0.018949648077964266,0.0032485110990795887,0.21065237226277372,1470.0,0.7958852192744992,Splitt,Safe,0.24941196070566196,0.0683761939859073,0.0,0.2753193430656935,precinct,True,True,True,True
4304,8252.0,5246.0,247.0,2266.0,41.0,4.0,288.0,29.0,19.0,41.0,21.0,50.0,0.0,0.6357246728065924,0.029932137663596703,0.27460009694619486,0.0049684924866698985,0.0004847309743092584,0.0349006301502666,0.003514299563742123,0.0023024721279689773,0.0049684924866698985,0.0025448376151236064,0.0060591371788657295,0.0,0.6057925351429957,0.6656568104701891,0.27460009694619486,Strong Dem,1886.0,239.0,33.0,5.0,2163.0,True,0.8719371243643088,0.11049468331021729,0.015256588072122053,0.002311604253351826,0.26211827435773144,1647.0,0.7614424410540915,Splitt,Safe,0.23621245155771642,0.08056254564662059,1.0,0.29823073194377114,precinct,True,True,True,True
4305,8369.0,5506.0,288.0,2178.0,51.0,4.0,212.0,21.0,12.0,44.0,16.0,37.0,0.0,0.6579041701517505,0.03441271358585255,0.2602461464930099,0.006093918030828056,0.0004779543553590632,0.02533158083403035,0.002509260365635082,0.0014338630660771896,0.005257497908949695,0.0019118174214362528,0.004421077787071335,0.0,0.623491456565898,0.692316883737603,0.2602461464930099,Strong Dem,1934.0,274.0,21.0,11.0,2240.0,True,0.8633928571428572,0.12232142857142857,0.009375,0.004910714285714286,0.2676544390010754,1660.0,0.7410714285714286,Splitt,Safe,0.20548868699110667,0.08790871498557601,1.0,0.28766877763173615,precinct,True,True,True,True
4306,7724.0,5126.0,365.0,1836.0,26.0,1.0,261.0,30.0,16.0,24.0,24.0,14.0,1.0,0.6636457793889177,0.04725530813050233,0.2377006732263076,0.0033661315380631796,0.0001294665976178146,0.03379078197824961,0.0038839979285344383,0.0020714655618850335,0.0031071983428275505,0.0031071983428275505,0.0018125323666494044,0.0001294665976178146,0.6163904712584154,0.7109010875194199,0.2377006732263076,Strong Dem,2025.0,411.0,15.0,4.0,2455.0,True,0.824847250509165,0.16741344195519348,0.006109979633401222,0.001629327902240326,0.31784049715173485,1614.0,0.6574338085539715,Splitt,Safe,0.1612014711202473,0.12015813382469115,1.0,0.3034697048161574,precinct,True,True,True,True
4307,8734.0,5458.0,353.0,2420.0,33.0,2.0,305.0,33.0,11.0,52.0,22.0,45.0,0.0,0.6249141286924662,0.040416762079230596,0.2770780856423174,0.003778337531486146,0.0002289901534234028,0.03492099839706893,0.003778337531486146,0.0012594458438287153,0.005953743989008472,0.0025188916876574307,0.005152278452026563,0.0,0.5844973666132356,0.6653308907716968,0.2770780856423174,Strong Dem,1905.0,293.0,28.0,8.0,2234.0,True,0.8527305282005372,0.13115487914055507,0.012533572068039392,0.0035810205908683975,0.2557820013739409,1612.0,0.7215756490599821,Splitt,Safe,0.22781639950807098,0.09073811706132448,1.0,0.29522555530112204,precinct,True,True,True,True
4401,6096.0,3282.0,349.0,2077.0,43.0,3.0,202.0,32.0,13.0,22.0,12.0,61.0,0.0,0.5383858267716536,0.057250656167979,0.3407152230971129,0.007053805774278215,0.0004921259842519685,0.03313648293963255,0.005249343832020997,0.00213254593175853,0.0036089238845144356,0.001968503937007874,0.010006561679790027,0.0,0.4811351706036746,0.5956364829396326,0.3407152230971129,Strong Dem,984.0,195.0,30.0,6.0,1215.0,True,0.8098765432098766,0.16049382716049382,0.024691358024691357,0.0049382716049382715,0.19931102362204725,789.0,0.6493827160493827,Splitt,Safe,0.271490716438223,0.10324317099251482,0.0,0.30183727034120733,precinct,True,True,True,True
4402,7880.0,4154.0,430.0,2806.0,46.0,6.0,238.0,25.0,21.0,57.0,24.0,73.0,0.0,0.5271573604060914,0.05456852791878172,0.35609137055837564,0.0058375634517766496,0.0007614213197969543,0.03020304568527919,0.0031725888324873096,0.00266497461928934,0.007233502538071066,0.003045685279187817,0.009263959390862945,0.0,0.47258883248730965,0.5817258883248732,0.35609137055837564,Strong Dem,1286.0,249.0,29.0,12.0,1576.0,True,0.815989847715736,0.157994923857868,0.018401015228426396,0.007614213197969543,0.2,1037.0,0.6579949238578681,Splitt,Safe,0.2888324873096446,0.10342639593908629,0.0,0.30913705583756346,precinct,True,True,True,True
4403,9581.0,5213.0,489.0,3282.0,55.0,11.0,306.0,35.0,21.0,36.0,22.0,109.0,2.0,0.5440976933514247,0.05103851372508089,0.34255296941864105,0.0057405281285878304,0.001148105625717566,0.03193821104268865,0.003653063354555892,0.002191838012733535,0.003757436593257489,0.002296211251435132,0.011376683018474063,0.00020874647740319382,0.49305917962634377,0.5951362070765056,0.34255296941864105,Strong Dem,1587.0,315.0,43.0,19.0,1964.0,True,0.8080448065173116,0.16038696537678207,0.02189409368635438,0.009674134419551934,0.20498904080993632,1272.0,0.6476578411405295,Splitt,Safe,0.2639471131658869,0.10934845165170118,0.0,0.30492641686671534,precinct,True,True,True,True
4404,7751.0,4804.0,398.0,2114.0,38.0,2.0,265.0,25.0,11.0,46.0,9.0,38.0,1.0,0.6197909947103599,0.05134821313378919,0.27273900141917173,0.004902593213778867,0.0002580312217778351,0.03418913688556315,0.003225390272222939,0.0014191717197780931,0.005934718100890208,0.001161140498000258,0.004902593213778867,0.00012901561088891756,0.5684427815765707,0.6711392078441492,0.27273900141917173,Strong Dem,1783.0,304.0,26.0,3.0,2116.0,True,0.8426275992438563,0.14366729678638943,0.012287334593572778,0.0014177693761814746,0.27299703264094954,1479.0,0.6989603024574669,Splitt,Safe,0.2228366045334964,0.09231908365260023,1.0,0.3009289123984002,precinct,True,True,True,True
4405,9768.0,5732.0,351.0,3095.0,54.0,7.0,285.0,45.0,27.0,58.0,42.0,71.0,1.0,0.5868140868140869,0.03593366093366093,0.31685094185094187,0.005528255528255528,0.0007166257166257166,0.029176904176904175,0.004606879606879607,0.002764127764127764,0.005937755937755937,0.0042997542997543,0.007268632268632269,0.00010237510237510238,0.550880425880426,0.6227477477477478,0.31685094185094187,Strong Dem,1877.0,246.0,28.0,10.0,2161.0,True,0.8685793614067562,0.11383618695048589,0.012956964368347987,0.004627487274409995,0.22123259623259622,1631.0,0.7547431744562703,Splitt,Safe,0.2817652745926693,0.07790252601682496,0.0,0.2992424242424242,precinct,True,True,True,True
4406,8846.0,4104.0,775.0,3342.0,67.0,6.0,357.0,42.0,41.0,36.0,16.0,59.0,1.0,0.46393850327831787,0.08761021930816189,0.37779787474564774,0.00757404476599593,0.0006782726656115759,0.04035722360388876,0.004747908659281031,0.004634863215012435,0.004069635993669455,0.0018087271082975356,0.006669681211847162,0.00011304544426859598,0.376328283970156,0.5515487225864798,0.37779787474564774,Strong Dem,1106.0,304.0,47.0,7.0,1464.0,True,0.755464480874317,0.20765027322404372,0.03210382513661202,0.0047814207650273225,0.16549853040922452,802.0,0.5478142076502732,Splitt,Safe,0.2915259775959991,0.12004005391588184,0.0,0.3069749039113724,precinct,True,True,True,True
4407,53.0,17.0,9.0,18.0,2.0,0.0,6.0,0.0,0.0,0.0,0.0,1.0,0.0,0.32075471698113206,0.16981132075471697,0.33962264150943394,0.03773584905660377,0.0,0.11320754716981132,0.0,0.0,0.0,0.0,0.018867924528301886,0.0,0.1509433962264151,0.49056603773584906,0.33962264150943394,Lean Dem,0.0,0.0,0.0,0.0,0.0,False,,,,,,,,No Election Data,No Election Data,,,,,precinct,False,True,True,True
4501,9517.0,6414.0,545.0,2131.0,37.0,0.0,294.0,22.0,13.0,30.0,10.0,21.0,0.0,0.6739518755910476,0.05726594515078281,0.22391509929599665,0.003887779762530209,0.0,0.030892087842807607,0.002311652831774719,0.0013659766733214247,0.0031522538615109804,0.0010507512871703267,0.0022065777030576862,0.0,0.6166859304402649,0.7312178207418304,0.22391509929599665,Strong Dem,2833.0,465.0,40.0,13.0,3351.0,True,0.8454192778275141,0.1387645478961504,0.011936735302894658,0.003879438973440764,0.3521067563307765,2368.0,0.7066547299313638,Splitt,Safe,0.1714674022364665,0.08149860274536758,1.0,0.31044446779447304,precinct,True,True,True,True
4502,9389.0,5796.0,535.0,2479.0,48.0,3.0,341.0,37.0,16.0,56.0,22.0,55.0,1.0,0.6173181382468846,0.056981574182554055,0.2640323783150495,0.00511236553413569,0.00031952284588348065,0.0363190968154223,0.003940781765896261,0.0017041218447118968,0.005964426456491639,0.002343167536478858,0.005857918841197146,0.00010650761529449355,0.5603365640643306,0.6742997124294386,0.2640323783150495,Strong Dem,2252.0,378.0,39.0,8.0,2677.0,True,0.8412401942472918,0.14120283899887934,0.014568546880836758,0.0029884198729921555,0.28512088614335923,1874.0,0.7000373552484124,Splitt,Safe,0.22392205600040715,0.08422126481632528,1.0,0.3054105868569603,precinct,True,True,True,True
4503,9227.0,5103.0,771.0,2790.0,52.0,8.0,341.0,39.0,15.0,45.0,18.0,45.0,0.0,0.5530508290885445,0.08355911997398938,0.30237346916657637,0.0056356345507749,0.0008670207001192153,0.03695675734258155,0.004226725913081175,0.0016256638127235287,0.004876991438170586,0.0019507965752682346,0.004876991438170586,0.0,0.4694917091145552,0.6366099490625339,0.30237346916657637,Strong Dem,1774.0,361.0,37.0,17.0,2189.0,True,0.810415714938328,0.16491548652352672,0.016902695294655094,0.0077661032434901784,0.2372385390701203,1413.0,0.6455002284148013,Splitt,Safe,0.25736488584978345,0.08135636654953735,1.0,0.3003142950037932,precinct,True,True,True,True
4504,629.0,334.0,76.0,158.0,7.0,0.0,36.0,4.0,1.0,3.0,3.0,7.0,0.0,0.5310015898251192,0.12082670906200318,0.25119236883942764,0.011128775834658187,0.0,0.057233704292527825,0.006359300476947536,0.001589825119236884,0.0047694753577106515,0.0047694753577106515,0.011128775834658187,0.0,0.41017488076311603,0.6518282988871225,0.25119236883942764,Strong Dem,,,,,,False,,,,,,,,No Election Data,No Election Data,,,,,precinct,False,True,False,False
4505,3107.0,1674.0,167.0,1032.0,31.0,0.0,123.0,11.0,10.0,20.0,11.0,27.0,1.0,0.5387833923398777,0.05374959768265208,0.3321532024460895,0.009977470228516253,0.0,0.03958802703572578,0.003540392661731574,0.0032185387833923397,0.006437077566784679,0.003540392661731574,0.008690054715159318,0.000321853878339234,0.4850337946572256,0.5925329900225298,0.3321532024460895,Strong Dem,488.0,73.0,13.0,1.0,575.0,True,0.8486956521739131,0.12695652173913044,0.022608695652173914,0.0017391304347826088,0.18506598004505953,415.0,0.7217391304347827,Splitt,Safe,0.30991225983403536,0.07320692405647836,0.0,0.2962664950112649,precinct,True,True,True,True
4506,9497.0,5437.0,646.0,2817.0,75.0,3.0,298.0,57.0,25.0,50.0,28.0,59.0,2.0,0.5724965778666947,0.06802148046751606,0.2966199852585027,0.007897230704432979,0.00031588922817731913,0.03137832999894703,0.006001895335369064,0.002632410234810993,0.005264820469621986,0.002948299462988312,0.0062124881541539435,0.00021059281878487945,0.5044750973991786,0.6405180583342108,0.2966199852585027,Strong Dem,1793.0,310.0,32.0,21.0,2156.0,True,0.8316326530612245,0.1437847866419295,0.014842300556586271,0.00974025974025974,0.22701905865010003,1483.0,0.687847866419295,Splitt,Safe,0.25913607519452975,0.07576330617441344,0.0,0.2932505001579446,precinct,True,True,True,True
4507,509.0,206.0,55.0,212.0,2.0,0.0,18.0,2.0,4.0,3.0,0.0,7.0,0.0,0.40471512770137524,0.10805500982318271,0.4165029469548134,0.003929273084479371,0.0,0.03536345776031434,0.003929273084479371,0.007858546168958742,0.005893909626719057,0.0,0.0137524557956778,0.0,0.2966601178781925,0.5127701375245579,0.4165029469548134,Strong Dem,,,,,,False,,,,,,,,No Election Data,No Election Data,,,,,precinct,False,True,False,False
4508,8671.0,3637.0,1117.0,3307.0,70.0,10.0,352.0,47.0,21.0,34.0,18.0,56.0,2.0,0.41944412409180026,0.1288202052819744,0.3813862299619421,0.008072886633606273,0.0011532695190866105,0.04059508707184869,0.005420366739707069,0.002421865990081882,0.003921116364894475,0.0020758851343558988,0.006458309306885019,0.0002306539038173221,0.29062391880982585,0.5482643293737747,0.3813862299619421,Strong Dem,,,,,,False,,,,,,,,No Election Data,No Election Data,,,,,precinct,False,True,False,False
4509,1241.0,542.0,209.0,411.0,6.0,0.0,55.0,8.0,2.0,1.0,1.0,6.0,0.0,0.43674456083803387,0.16841257050765512,0.3311845286059629,0.004834810636583401,0.0,0.0443190975020145,0.0064464141821112,0.0016116035455278,0.0008058017727639,0.0008058017727639,0.004834810636583401,0.0,0.26833199033037874,0.6051571313456889,0.3311845286059629,Strong Dem,,,,,,False,,,,,,,,No Election Data,No Election Data,,,,,precinct,False,True,False,False
4601,7934.0,4827.0,425.0,2228.0,43.0,6.0,280.0,21.0,13.0,47.0,10.0,34.0,0.0,0.6083942525838165,0.05356692714897908,0.2808167380892362,0.005419712629190825,0.0007562389715149988,0.03529115200403327,0.0026468364003024956,0.0016385177716158306,0.005923871943534157,0.0012603982858583312,0.004285354171918326,0.0,0.5548273254348375,0.6619611797327956,0.2808167380892362,Strong Dem,1826.0,291.0,34.0,9.0,2160.0,True,0.8453703703703703,0.13472222222222222,0.01574074074074074,0.004166666666666667,0.2722460297453995,1535.0,0.7106481481481481,Splitt,Safe,0.2369761177865538,0.08115529507324314,1.0,0.30514242500630195,precinct,True,True,True,True
4602,7324.0,4236.0,423.0,2220.0,44.0,2.0,242.0,24.0,9.0,51.0,23.0,48.0,2.0,0.5783724740578918,0.057755324959038776,0.3031130529765156,0.006007646095030038,0.00027307482250136535,0.03304205352266521,0.0032768978700163844,0.0012288367012561442,0.006963407973784817,0.0031403604587657017,0.006553795740032769,0.00027307482250136535,0.520617149098853,0.6361277990169306,0.3031130529765156,Strong Dem,1587.0,240.0,28.0,16.0,1871.0,True,0.8482095136290754,0.1282736504543025,0.014965259219668627,0.0085515766969535,0.2554614964500273,1347.0,0.7199358631747729,Splitt,Safe,0.26983703957118355,0.07051832549526373,1.0,0.30966684871654837,precinct,True,True,True,True
4603,5308.0,2909.0,368.0,1692.0,38.0,3.0,180.0,26.0,10.0,35.0,14.0,32.0,1.0,0.5480406932931424,0.0693293142426526,0.31876412961567446,0.007159005275056519,0.0005651846269781462,0.03391107761868877,0.0048982667671439335,0.0018839487565938207,0.0065938206480783725,0.0026375282592313487,0.006028636021100226,0.00018839487565938207,0.4787113790504898,0.6173700075357951,0.31876412961567446,Strong Dem,1027.0,181.0,20.0,7.0,1235.0,True,0.8315789473684211,0.1465587044534413,0.016194331983805668,0.005668016194331984,0.23266767143933684,846.0,0.6850202429149798,Splitt,Safe,0.28353825407527866,0.0772293902107887,1.0,0.3076488319517709,precinct,True,True,True,True
4604,7992.0,4043.0,636.0,2767.0,60.0,2.0,319.0,35.0,16.0,47.0,27.0,39.0,1.0,0.5058808808808809,0.07957957957957958,0.34622122122122123,0.0075075075075075074,0.00025025025025025025,0.03991491491491492,0.0043793793793793796,0.002002002002002002,0.005880880880880881,0.0033783783783783786,0.00487987987987988,0.00012512512512512512,0.42630130130130134,0.5854604604604605,0.34622122122122123,Strong Dem,1299.0,240.0,31.0,13.0,1583.0,True,0.8205938092229943,0.15161086544535693,0.01958307012002527,0.0082122552116235,0.19807307307307306,1059.0,0.6689829437776375,Splitt,Safe,0.3147129283421134,0.07203128586577735,0.0,0.3063063063063063,precinct,True,True,True,True
4605,7356.0,3054.0,691.0,3093.0,62.0,15.0,237.0,53.0,21.0,43.0,19.0,68.0,0.0,0.41517128874388254,0.09393692224034801,0.4204730831973899,0.008428493746601413,0.0020391517128874386,0.03221859706362153,0.007205002718868951,0.0028548123980424145,0.005845568243610658,0.002582925502990756,0.009244154431756389,0.0,0.32123436650353454,0.5091082109842305,0.4204730831973899,Strong Dem,787.0,176.0,29.0,18.0,1010.0,True,0.7792079207920792,0.17425742574257425,0.028712871287128714,0.01782178217821782,0.13730288200108753,611.0,0.6049504950495049,Splitt,Safe,0.3640366320481967,0.08032050350222623,0.0,0.3140973355084285,precinct,True,True,True,True
4606,7496.0,3045.0,727.0,3207.0,54.0,10.0,268.0,48.0,15.0,31.0,25.0,65.0,1.0,0.40621664887940234,0.09698505869797225,0.4278281750266809,0.00720384204909285,0.0013340448239060833,0.03575240128068303,0.0064034151547491995,0.002001067235859125,0.004135538954108858,0.0033351120597652083,0.008671291355389542,0.00013340448239060833,0.3092315901814301,0.5032017075773746,0.4278281750266809,Strong Dem,639.0,137.0,28.0,6.0,810.0,True,0.7888888888888889,0.16913580246913582,0.0345679012345679,0.007407407407407408,0.10805763073639274,502.0,0.6197530864197531,Splitt,Safe,0.3826722400094865,0.07215074377116357,0.0,0.3024279615795091,precinct,True,True,True,True
4607,5693.0,2288.0,543.0,2428.0,51.0,11.0,205.0,46.0,14.0,31.0,10.0,61.0,5.0,0.40189706657298435,0.09538029158615843,0.4264886702968558,0.008958369927981732,0.0019321974354470403,0.036009134024240295,0.008080098366414896,0.002459160372387142,0.005445283681714386,0.001756543123133673,0.010714913051115405,0.0008782715615668365,0.30651677498682595,0.49727735815914276,0.4264886702968558,Strong Dem,577.0,165.0,22.0,8.0,772.0,True,0.7474093264248705,0.21373056994818654,0.02849740932642487,0.010362694300518135,0.13560512910591954,412.0,0.533678756476684,Splitt,Safe,0.3455122598518861,0.1183502783620281,0.0,0.31916388547338836,precinct,True,True,True,True
4608,60.0,25.0,8.0,24.0,0.0,0.0,2.0,0.0,0.0,0.0,0.0,1.0,0.0,0.4166666666666667,0.13333333333333333,0.4,0.0,0.0,0.03333333333333333,0.0,0.0,0.0,0.0,0.016666666666666666,0.0,0.2833333333333333,0.55,0.4,Strong Dem,4.0,2.0,0.0,0.0,6.0,True,0.6666666666666666,0.3333333333333333,0.0,0.0,0.1,2.0,0.3333333333333333,Splitt,Safe,0.24999999999999994,0.19999999999999998,0.0,0.27499999999999997,precinct,True,True,True,True
4701,164.0,41.0,22.0,92.0,0.0,0.0,5.0,0.0,1.0,1.0,1.0,1.0,0.0,0.25,0.13414634146341464,0.5609756097560976,0.0,0.0,0.03048780487804878,0.0,0.006097560975609756,0.006097560975609756,0.006097560975609756,0.006097560975609756,0.0,0.11585365853658536,0.38414634146341464,0.5609756097560976,Lean Dem,,,,,,False,,,,,,,,No Election Data,No Election Data,,,,,precinct,False,True,False,False
4702,2907.0,1242.0,411.0,1035.0,27.0,4.0,129.0,15.0,10.0,6.0,2.0,25.0,1.0,0.42724458204334365,0.14138286893704852,0.3560371517027864,0.009287925696594427,0.0013759889920880633,0.04437564499484004,0.005159958720330237,0.0034399724802201583,0.0020639834881320948,0.0006879944960440316,0.008599931200550396,0.0003439972480220158,0.28586171310629516,0.5686274509803921,0.3560371517027864,Strong Dem,3.0,1.0,0.0,0.0,4.0,True,0.75,0.25,0.0,0.0,0.0013759889920880633,2.0,0.5,Splitt,Safe,0.32275541795665635,0.10861713106295148,0.0,0.21637426900584797,precinct,True,True,True,True
4703,7097.0,2766.0,1057.0,2832.0,46.0,5.0,257.0,33.0,21.0,18.0,6.0,56.0,0.0,0.3897421445681274,0.14893617021276595,0.39904184866845144,0.006481611948710723,0.0007045230379033394,0.036212484148231645,0.004649852050162041,0.0029589967591940255,0.0025362829364520218,0.0008454276454840073,0.007890658024517402,0.0,0.24080597435536144,0.5386783147808933,0.39904184866845144,Strong Dem,,,,,,False,,,,,,,,No Election Data,No Election Data,,,,,precinct,False,True,False,False
4704,5634.0,1914.0,859.0,2488.0,53.0,9.0,203.0,28.0,14.0,21.0,10.0,34.0,1.0,0.3397231096911608,0.15246716364927226,0.4416045438409656,0.009407170749023783,0.001597444089456869,0.036031238906638265,0.004969826056088037,0.0024849130280440185,0.003727369542066028,0.001774937877174299,0.006034788782392616,0.0001774937877174299,0.18725594604188855,0.4921902733404331,0.4416045438409656,Lean Dem,,,,,,False,,,,,,,,No Election Data,No Election Data,,,,,precinct,False,True,False,False
4705,4493.0,1852.0,707.0,1656.0,22.0,4.0,163.0,30.0,5.0,16.0,10.0,28.0,0.0,0.412196750500779,0.1573558869352326,0.36857333630091255,0.004896505675495215,0.0008902737591809482,0.03627865568662364,0.006677053193857111,0.001112842198976185,0.0035610950367237926,0.00222568439795237,0.006231916314266637,0.0,0.25484086356554636,0.5695526374360116,0.36857333630091255,Strong Dem,,,,,,False,,,,,,,,No Election Data,No Election Data,,,,,precinct,False,True,False,False
4706,3920.0,1654.0,582.0,1430.0,26.0,2.0,150.0,18.0,6.0,8.0,7.0,36.0,1.0,0.4219387755102041,0.14846938775510204,0.3647959183673469,0.0066326530612244895,0.0005102040816326531,0.03826530612244898,0.004591836734693878,0.001530612244897959,0.0020408163265306124,0.0017857142857142857,0.009183673469387756,0.00025510204081632655,0.27346938775510204,0.5704081632653062,0.3647959183673469,Strong Dem,,,,,,False,,,,,,,,No Election Data,No Election Data,,,,,precinct,False,True,False,False
4707,8197.0,3510.0,925.0,3174.0,56.0,3.0,335.0,42.0,28.0,38.0,14.0,71.0,1.0,0.4282054410150055,0.11284616323045016,0.38721483469562035,0.006831767719897523,0.0003659875564230816,0.04086861046724411,0.005123825789923143,0.0034158838599487617,0.004635842381359034,0.0017079419299743809,0.008661705502012932,0.0001219958521410272,0.31535927778455536,0.5410516042454556,0.38721483469562035,Strong Dem,,,,,,False,,,,,,,,No Election Data,No Election Data,,,,,precinct,False,True,False,False
4708,8241.0,3063.0,1096.0,3567.0,48.0,11.0,279.0,46.0,14.0,29.0,22.0,65.0,1.0,0.3716781943938842,0.13299356874165758,0.43283582089552236,0.005824535857298871,0.001334789467297658,0.03385511467054969,0.005581846863244752,0.0016988229583788375,0.003518990413784735,0.002669578934595316,0.00788739230675889,0.00012134449702705982,0.23868462565222665,0.5046717631355417,0.43283582089552236,Strong Dem,,,,,,False,,,,,,,,No Election Data,No Election Data,,,,,precinct,False,True,False,False
4709,1591.0,557.0,197.0,721.0,20.0,2.0,58.0,9.0,7.0,8.0,3.0,9.0,0.0,0.3500942803268385,0.12382149591451917,0.45317410433689503,0.01257071024512885,0.001257071024512885,0.036455059710873663,0.0056568196103079825,0.0043997485857950975,0.00502828409805154,0.0018856065367693275,0.0056568196103079825,0.0,0.2262727844123193,0.47391577624135767,0.45317410433689503,Strong Dem,,,,,,False,,,,,,,,No Election Data,No Election Data,,,,,precinct,False,True,False,False
4710,2102.0,756.0,251.0,940.0,16.0,4.0,82.0,9.0,10.0,10.0,2.0,22.0,0.0,0.35965746907706947,0.11941008563273073,0.44719314938154137,0.007611798287345386,0.0019029495718363464,0.0390104662226451,0.004281636536631779,0.004757373929590866,0.004757373929590866,0.0009514747859181732,0.010466222645099905,0.0,0.24024738344433874,0.4790675547098002,0.44719314938154137,Strong Dem,,,,,,False,,,,,,,,No Election Data,No Election Data,,,,,precinct,False,True,False,False
4801,983.0,346.0,105.0,470.0,7.0,1.0,36.0,7.0,0.0,6.0,1.0,4.0,0.0,0.35198372329603256,0.10681586978636826,0.47812817904374366,0.007121057985757884,0.001017293997965412,0.03662258392675483,0.007121057985757884,0.0,0.006103763987792472,0.001017293997965412,0.004069175991861648,0.0,0.2451678535096643,0.4587995930824008,0.47812817904374366,Strong Dem,56.0,21.0,4.0,1.0,82.0,True,0.6829268292682927,0.25609756097560976,0.04878048780487805,0.012195121951219513,0.08341810783316378,35.0,0.4268292682926829,Splitt,Safe,0.3309431059722602,0.1492816911892415,0.0,0.3123092573753815,precinct,True,True,True,True
4802,7673.0,2887.0,932.0,3356.0,62.0,11.0,277.0,34.0,19.0,30.0,14.0,50.0,1.0,0.37625439854033627,0.12146487684087058,0.43737781832399325,0.00808028150658152,0.0014335983318128503,0.036100612537469046,0.004431122116512446,0.002476215300404014,0.003909813632216865,0.0018245796950345367,0.0065163560536947735,0.00013032712107389547,0.25478952169946567,0.49771927538120686,0.43737781832399325,Strong Dem,,,,,,False,,,,,,,,No Election Data,No Election Data,,,,,precinct,False,True,False,False
4803,4988.0,1560.0,692.0,2445.0,37.0,8.0,149.0,26.0,12.0,11.0,9.0,39.0,0.0,0.31275060144346434,0.13873295910184444,0.4901764234161989,0.007417802726543705,0.0016038492381716118,0.02987169206094627,0.0052125100240577385,0.0024057738572574178,0.0022052927024859663,0.0018043303929430633,0.007818765036086608,0.0,0.1740176423416199,0.4514835605453088,0.4901764234161989,Lean Dem,,,,,,False,,,,,,,,No Election Data,No Election Data,,,,,precinct,False,True,False,False
4804,8110.0,2709.0,1226.0,3680.0,44.0,8.0,273.0,47.0,25.0,30.0,12.0,56.0,0.0,0.3340320591861899,0.15117139334155363,0.45376078914919854,0.005425400739827373,0.0009864364981504315,0.033662145499383476,0.005795314426633786,0.0030826140567200987,0.0036991368680641184,0.0014796547472256474,0.0069050554870530205,0.0,0.18286066584463626,0.48520345252774355,0.45376078914919854,Lean Dem,,,,,,False,,,,,,,,No Election Data,No Election Data,,,,,precinct,False,True,False,False
4805,552.0,137.0,70.0,305.0,7.0,0.0,19.0,5.0,2.0,1.0,0.0,6.0,0.0,0.24818840579710144,0.12681159420289856,0.552536231884058,0.012681159420289856,0.0,0.034420289855072464,0.009057971014492754,0.0036231884057971015,0.0018115942028985507,0.0,0.010869565217391304,0.0,0.12137681159420288,0.375,0.552536231884058,Lean Dem,,,,,,False,,,,,,,,No Election Data,No Election Data,,,,,precinct,False,True,False,False
4806,8315.0,2818.0,1406.0,3564.0,64.0,9.0,300.0,49.0,23.0,15.0,15.0,50.0,2.0,0.33890559230306677,0.16909200240529165,0.4286229705351774,0.0076969332531569455,0.0010823812387251955,0.03607937462417318,0.005892964521948286,0.002766085387853277,0.0018039687312086591,0.0018039687312086591,0.006013229104028864,0.00024052916416115455,0.16981358989777512,0.5079975947083584,0.4286229705351774,Lean Dem,,,,,,False,,,,,,,,No Election Data,No Election Data,,,,,precinct,False,True,False,False
4807,430.0,122.0,115.0,166.0,3.0,0.0,24.0,0.0,0.0,0.0,0.0,0.0,0.0,0.2837209302325581,0.26744186046511625,0.386046511627907,0.0069767441860465115,0.0,0.05581395348837209,0.0,0.0,0.0,0.0,0.0,0.0,0.016279069767441867,0.5511627906976744,0.386046511627907,Competitive,,,,,,False,,,,,,,,No Election Data,No Election Data,,,,,precinct,False,True,False,False
4808,2604.0,853.0,574.0,1006.0,19.0,3.0,115.0,16.0,3.0,2.0,3.0,9.0,1.0,0.32757296466973884,0.22043010752688172,0.38632872503840243,0.007296466973886329,0.001152073732718894,0.044162826420890935,0.006144393241167435,0.001152073732718894,0.0007680491551459293,0.001152073732718894,0.0034562211981566822,0.00038402457757296467,0.10714285714285712,0.5480030721966206,0.38632872503840243,Lean Dem,,,,,,False,,,,,,,,No Election Data,No Election Data,,,,,precinct,False,True,False,False
4809,17.0,6.0,4.0,5.0,1.0,0.0,1.0,0.0,0.0,0.0,0.0,0.0,0.0,0.35294117647058826,0.23529411764705882,0.29411764705882354,0.058823529411764705,0.0,0.058823529411764705,0.0,0.0,0.0,0.0,0.0,0.0,0.11764705882352944,0.5882352941176471,0.29411764705882354,Lean Dem,,,,,,False,,,,,,,,No Election Data,No Election Data,,,,,precinct,False,True,False,False
4901,146.0,48.0,31.0,54.0,2.0,1.0,6.0,0.0,0.0,2.0,0.0,2.0,0.0,0.3287671232876712,0.21232876712328766,0.3698630136986301,0.0136986301369863,0.00684931506849315,0.0410958904109589,0.0,0.0,0.0136986301369863,0.0,0.0136986301369863,0.0,0.11643835616438356,0.5410958904109588,0.3698630136986301,Lean Dem,,,,,,False,,,,,,,,No Election Data,No Election Data,,,,,precinct,False,True,False,False
4902,328.0,131.0,88.0,72.0,4.0,0.0,26.0,3.0,2.0,1.0,1.0,0.0,0.0,0.39939024390243905,0.2682926829268293,0.21951219512195122,0.012195121951219513,0.0,0.07926829268292683,0.009146341463414634,0.006097560975609756,0.003048780487804878,0.003048780487804878,0.0,0.0,0.13109756097560976,0.6676829268292683,0.21951219512195122,Lean Dem,,,,,,False,,,,,,,,No Election Data,No Election Data,,,,,precinct,False,True,False,False
4903,6733.0,2224.0,1228.0,2788.0,49.0,9.0,317.0,47.0,15.0,16.0,5.0,33.0,2.0,0.3303133818505867,0.1823852665973563,0.4140799049457894,0.007277587999405911,0.0013366998366255755,0.04708153869003416,0.0069805435912668945,0.002227833061042626,0.002376355265112134,0.0007426110203475419,0.004901232734293777,0.0002970444081390168,0.14792811525323038,0.512698648447943,0.4140799049457894,Lean Dem,,,,,,False,,,,,,,,No Election Data,No Election Data,,,,,precinct,False,True,False,False
4904,2387.0,657.0,421.0,1139.0,12.0,3.0,107.0,18.0,3.0,8.0,6.0,11.0,2.0,0.27524088814411396,0.1763720150816925,0.47716799329702553,0.005027230833682447,0.0012568077084206116,0.04482614160033515,0.00754084625052367,0.0012568077084206116,0.0033514872224549644,0.0025136154168412233,0.004608294930875576,0.0008378718056137411,0.09886887306242145,0.4516129032258065,0.47716799329702553,Lean Dem,,,,,,False,,,,,,,,No Election Data,No Election Data,,,,,precinct,False,True,False,False
4905,8394.0,2545.0,2148.0,3071.0,59.0,15.0,430.0,49.0,9.0,29.0,11.0,28.0,0.0,0.3031927567309983,0.2558970693352395,0.36585656421253276,0.00702883011675006,0.0017869907076483202,0.05122706695258518,0.0058375029783178465,0.001072194424588992,0.003454848701453419,0.0013104598522754348,0.0033357159876101976,0.0,0.047295687395758845,0.5590898260662378,0.36585656421253276,Competitive,,,,,,False,,,,,,,,No Election Data,No Election Data,,,,,precinct,False,True,False,False
4906,3456.0,1023.0,721.0,1457.0,26.0,7.0,159.0,29.0,9.0,7.0,3.0,15.0,0.0,0.2960069444444444,0.20862268518518517,0.42158564814814814,0.007523148148148148,0.002025462962962963,0.04600694444444445,0.008391203703703705,0.0026041666666666665,0.002025462962962963,0.0008680555555555555,0.004340277777777778,0.0,0.08738425925925924,0.5046296296296295,0.42158564814814814,Lean Dem,,,,,,False,,,,,,,,No Election Data,No Election Data,,,,,precinct,False,True,False,False
4907,6282.0,1936.0,1032.0,2903.0,43.0,5.0,244.0,38.0,14.0,12.0,6.0,47.0,2.0,0.3081821076090417,0.16427889207258833,0.462113976440624,0.0068449538363578475,0.000795924864692773,0.03884113339700732,0.0060490289716650745,0.002228589621139764,0.0019102196752626551,0.0009551098376313276,0.0074816937281120665,0.0003183699458771092,0.14390321553645335,0.47246099968163,0.462113976440624,Lean Dem,,,,,,False,,,,,,,,No Election Data,No Election Data,,,,,precinct,False,True,False,False
4908,8668.0,2717.0,1678.0,3604.0,54.0,8.0,452.0,52.0,24.0,19.0,14.0,46.0,0.0,0.3134517766497462,0.19358560221504384,0.4157821873557914,0.006229810798338717,0.0009229349330872173,0.05214582371942778,0.005999077065066913,0.0027688047992616522,0.0021919704660821413,0.0016151361329026304,0.0053068758652515,0.0,0.11986617443470238,0.5070373788647901,0.4157821873557914,Lean Dem,,,,,,False,,,,,,,,No Election Data,No Election Data,,,,,precinct,False,True,False,False
4909,6747.0,2266.0,908.0,3111.0,44.0,9.0,256.0,29.0,27.0,21.0,14.0,62.0,0.0,0.335852971691122,0.13457833111012302,0.46109381947532235,0.006521416926041203,0.0013339261894175188,0.03794278938787609,0.004298206610345339,0.004001778568252557,0.0031124944419742106,0.002074996294649474,0.00918926930487624,0.0,0.20127464058099898,0.470431302801245,0.46109381947532235,Strong Dem,,,,,,False,,,,,,,,No Election Data,No Election Data,,,,,precinct,False,True,False,False
4910,503.0,170.0,69.0,223.0,3.0,0.0,23.0,4.0,2.0,1.0,0.0,8.0,0.0,0.3379721669980119,0.13717693836978131,0.4433399602385686,0.005964214711729622,0.0,0.04572564612326044,0.007952286282306162,0.003976143141153081,0.0019880715705765406,0.0,0.015904572564612324,0.0,0.2007952286282306,0.4751491053677932,0.4433399602385686,Strong Dem,,,,,,False,,,,,,,,No Election Data,No Election Data,,,,,precinct,False,True,False,False
5001,194.0,54.0,33.0,98.0,0.0,0.0,2.0,3.0,0.0,1.0,0.0,3.0,0.0,0.27835051546391754,0.17010309278350516,0.5051546391752577,0.0,0.0,0.010309278350515464,0.015463917525773196,0.0,0.005154639175257732,0.0,0.015463917525773196,0.0,0.10824742268041238,0.4484536082474227,0.5051546391752577,Lean Dem,,,,,,False,,,,,,,,No Election Data,No Election Data,,,,,precinct,False,True,False,False
5002,8149.0,2569.0,1319.0,3663.0,72.0,10.0,352.0,51.0,22.0,21.0,11.0,59.0,0.0,0.31525340532580687,0.1618603509633084,0.4495030065038655,0.008835439931279911,0.0012271444348999877,0.043195484108479565,0.006258436617989937,0.002699717756779973,0.0025770033132899743,0.0013498588783899864,0.007240152165909928,0.0,0.15339305436249848,0.47711375628911523,0.4495030065038655,Lean Dem,,,,,,False,,,,,,,,No Election Data,No Election Data,,,,,precinct,False,True,False,False
5003,623.0,203.0,103.0,274.0,6.0,0.0,26.0,4.0,0.0,1.0,1.0,4.0,1.0,0.3258426966292135,0.1653290529695024,0.43980738362760835,0.009630818619582664,0.0,0.04173354735152488,0.006420545746388443,0.0,0.0016051364365971107,0.0016051364365971107,0.006420545746388443,0.0016051364365971107,0.1605136436597111,0.4911717495987159,0.43980738362760835,Lean Dem,,,,,,False,,,,,,,,No Election Data,No Election Data,,,,,precinct,False,True,False,False
5004,4798.0,1443.0,1214.0,1856.0,32.0,4.0,193.0,18.0,4.0,7.0,10.0,16.0,1.0,0.3007503126302626,0.25302209253855773,0.38682784493538974,0.006669445602334306,0.0008336807002917883,0.040225093789078785,0.003751563151313047,0.0008336807002917883,0.0014589412255106293,0.0020842017507294707,0.003334722801167153,0.00020842017507294707,0.047728220091704854,0.5537724051688203,0.38682784493538974,Competitive,,,,,,False,,,,,,,,No Election Data,No Election Data,,,,,precinct,False,True,False,False
5005,8214.0,2738.0,1563.0,3267.0,65.0,4.0,411.0,46.0,25.0,20.0,18.0,56.0,1.0,0.3333333333333333,0.19028487947406866,0.3977355734112491,0.007913318724129535,0.0004869734599464329,0.05003652300949598,0.0056001947893839785,0.003043584124665206,0.0024348672997321647,0.002191380569758948,0.006817628439250061,0.00012174336498660823,0.14304845385926465,0.523618212807402,0.3977355734112491,Lean Dem,,,,,,False,,,,,,,,No Election Data,No Election Data,,,,,precinct,False,True,False,False
5006,6874.0,2338.0,1704.0,2365.0,39.0,4.0,337.0,35.0,11.0,16.0,6.0,19.0,0.0,0.34012219959266804,0.247890602269421,0.3440500436427117,0.005673552516729706,0.0005819028222286878,0.04902531277276695,0.0050916496945010185,0.0016002327611288915,0.0023276112889147513,0.0008728542333430317,0.002764038405586267,0.0,0.09223159732324704,0.588012801862089,0.3440500436427117,Lean Dem,,,,,,False,,,,,,,,No Election Data,No Election Data,,,,,precinct,False,True,False,False
5007,9077.0,2652.0,1811.0,3888.0,70.0,10.0,458.0,81.0,18.0,30.0,10.0,48.0,1.0,0.29216701553376667,0.19951525834526826,0.428335353090228,0.0077117990525504025,0.0011016855789357718,0.050457199515258344,0.008923653189379752,0.001983034042084389,0.003305056736807315,0.0011016855789357718,0.005288090778891704,0.00011016855789357717,0.09265175718849841,0.49168227387903496,0.428335353090228,Lean Dem,,,,,,False,,,,,,,,No Election Data,No Election Data,,,,,precinct,False,True,False,False
5008,7795.0,2281.0,1975.0,2975.0,59.0,12.0,383.0,44.0,12.0,10.0,7.0,37.0,0.0,0.2926234765875561,0.25336754329698524,0.3816549069916613,0.007568954457985888,0.0015394483643361128,0.049134060295060934,0.005644644002565747,0.0015394483643361128,0.0012828736369467607,0.0008980115458627325,0.004746632456703015,0.0,0.039255933290570866,0.5459910198845414,0.3816549069916613,Competitive,,,,,,False,,,,,,,,No Election Data,No Election Data,,,,,precinct,False,True,False,False
5009,296.0,74.0,103.0,105.0,0.0,0.0,9.0,2.0,1.0,0.0,0.0,2.0,0.0,0.25,0.34797297297297297,0.3547297297297297,0.0,0.0,0.030405405405405407,0.006756756756756757,0.0033783783783783786,0.0,0.0,0.006756756756756757,0.0,-0.09797297297297297,0.597972972972973,0.3547297297297297,Lean Rep,,,,,,False,,,,,,,,No Election Data,No Election Data,,,,,precinct,False,True,False,False
5201,3179.0,832.0,916.0,1229.0,18.0,2.0,155.0,8.0,4.0,4.0,4.0,7.0,0.0,0.26171752123309217,0.2881409248191255,0.38659955960994025,0.005662157911292859,0.0006291286568103177,0.048757470902799624,0.0025165146272412707,0.0012582573136206354,0.0012582573136206354,0.0012582573136206354,0.002201950298836112,0.0,-0.026423403586033345,0.5498584460522177,0.38659955960994025,Competitive,,,,,,False,,,,,,,,No Election Data,No Election Data,,,,,precinct,False,True,False,False
5202,5685.0,1703.0,1816.0,1785.0,42.0,6.0,272.0,25.0,9.0,15.0,3.0,9.0,0.0,0.2995602462620932,0.31943711521547935,0.31398416886543534,0.007387862796833773,0.0010554089709762533,0.04784520668425682,0.0043975373790677225,0.0015831134564643799,0.002638522427440633,0.0005277044854881266,0.0015831134564643799,0.0,-0.01987686895338614,0.6189973614775726,0.31398416886543534,Competitive,,,,,,False,,,,,,,,No Election Data,No Election Data,,,,,precinct,False,True,False,False
clackamas,,,,,,,,,,,,,,,,,,,,,,,,,,,,,Unknown,27.0,13.0,0.0,1.0,41.0,True,0.6585365853658537,0.3170731707317073,0.0,0.024390243902439025,,14.0,0.34146341463414637,Splitt,Safe,,,0.0,,county_summary,True,False,True,False
washington,,,,,,,,,,,,,,,,,,,,,,,,,,,,,Unknown,228.0,83.0,5.0,2.0,318.0,True,0.7169811320754716,0.2610062893081761,0.015723270440251572,0.006289308176100629,,145.0,0.4559748427672956,Splitt,Safe,,,0.0,,county_summary,True,False,True,False
