precinct,TOTAL,DEM,REP,NAV,OTH,CON,IND,LBT,NLB,PGP,PRO,WFP,WTP,candidate_splitt,candidate_cavagnolo,candidate_leof,candidate_write_in,total_votes,votes_splitt,votes_cavagnolo,votes_leof,votes_write_in,votes_total,is_summary,is_zone1_precinct,is_non_zone1_precinct,record_type,has_voter_registration,has_election_results,is_complete_record,reg_pct_dem,reg_pct_rep,reg_pct_nav,reg_pct_oth,reg_pct_con,reg_pct_ind,reg_pct_lbt,reg_pct_nlb,reg_pct_pgp,reg_pct_pro,reg_pct_wfp,reg_pct_wtp,dem_advantage,major_party_pct,political_lean,turnout_rate,vote_pct_splitt,vote_pct_cavagnolo,vote_pct_leof,vote_pct_write_in,vote_margin,margin_pct,leading_candidate,second_candidate,competitiveness,is_competitive,zone1_total_votes,zone1_vote_share,precinct_size
2801,8457.0,4940.0,546.0,2461.0,27.0,1.0,327.0,49.0,19.0,43.0,19.0,24.0,1.0,1915.0,528.0,31.0,9.0,2483.0,1915,528,31,9,2483,False,True,False,zone1_precinct,True,True,True,0.5841314887075795,0.06456190138346932,0.29100153718812816,0.0031926214969847464,0.00011824524062906468,0.03866619368570415,0.005794016790824169,0.002246659571952229,0.0050845453470497815,0.002246659571952229,0.002837885775097552,0.00011824524062906468,0.5195695873241102,0.6486933900910488,Strong Dem,0.2936029324819676,0.7712444623439387,0.21264599275070478,0.012484897301651228,0.003624647603705195,1387,0.558598469593234,Splitt,Cavagnolo,Safe,False,98056,2.53222648282614,Extra Large
2802,1202.0,659.0,173.0,301.0,3.0,0.0,56.0,5.0,0.0,3.0,1.0,1.0,0.0,283.0,96.0,3.0,0.0,382.0,283,96,3,0,382,False,True,False,zone1_precinct,True,True,True,0.5482529118136439,0.14392678868552414,0.2504159733777038,0.0024958402662229617,0.0,0.04658901830282862,0.004159733777038269,0.0,0.0024958402662229617,0.0008319467554076539,0.0008319467554076539,0.0,0.4043261231281198,0.692179700499168,Strong Dem,0.3178036605657238,0.7408376963350786,0.2513089005235602,0.007853403141361256,0.0,187,0.4895287958115183,Splitt,Cavagnolo,Safe,False,98056,0.3895733050501754,Medium
2803,3465.0,1816.0,173.0,1216.0,11.0,3.0,155.0,20.0,20.0,23.0,19.0,9.0,0.0,508.0,137.0,13.0,4.0,662.0,508,137,13,4,662,False,True,False,zone1_precinct,True,True,True,0.5240981240981241,0.049927849927849925,0.35093795093795094,0.0031746031746031746,0.0008658008658008658,0.044733044733044736,0.005772005772005772,0.005772005772005772,0.006637806637806638,0.005483405483405483,0.0025974025974025974,0.0,0.47417027417027413,0.574025974025974,Strong Dem,0.19105339105339106,0.7673716012084593,0.20694864048338368,0.019637462235649546,0.006042296072507553,371,0.5604229607250756,Splitt,Cavagnolo,Safe,False,98056,0.6751244186995187,Large
2804,7542.0,4410.0,729.0,1951.0,28.0,2.0,313.0,36.0,13.0,27.0,13.0,19.0,1.0,1722.0,584.0,26.0,11.0,2343.0,1722,584,26,11,2343,False,True,False,zone1_precinct,True,True,True,0.5847255369928401,0.09665871121718377,0.2586846990188279,0.0037125430920180325,0.00026518164942985947,0.041500928135773,0.00477326968973747,0.0017236807212940865,0.003579952267303103,0.0017236807212940865,0.002519225669583665,0.00013259082471492973,0.48806682577565635,0.6813842482100239,Strong Dem,0.31066030230708036,0.734955185659411,0.24925309432351686,0.011096884336320957,0.004694835680751174,1138,0.48570209133589415,Splitt,Cavagnolo,Safe,False,98056,2.3894509260014685,Extra Large
2805,9086.0,5325.0,919.0,2372.0,41.0,2.0,316.0,44.0,13.0,31.0,7.0,16.0,0.0,2401.0,544.0,39.0,9.0,2993.0,2401,544,39,9,2993,False,True,False,zone1_precinct,True,True,True,0.5860664758969844,0.10114461809377064,0.2610609729253797,0.004512436715826546,0.00022011886418666079,0.03477878054149241,0.004842615012106538,0.001430772617213295,0.0034118423948932422,0.0007704160246533128,0.0017609509134932863,0.0,0.48492185780321373,0.687211093990755,Strong Dem,0.3294078802553379,0.8022051453391246,0.18175743401269628,0.013030404276645506,0.003007016371533578,1857,0.6204477113264283,Splitt,Cavagnolo,Safe,False,98056,3.052337439830301,Extra Large
2806,9631.0,5600.0,650.0,2774.0,54.0,8.0,387.0,32.0,24.0,46.0,18.0,38.0,0.0,2371.0,475.0,36.0,11.0,2893.0,2371,475,36,11,2893,False,True,False,zone1_precinct,True,True,True,0.5814557159173502,0.06749039559754957,0.2880282421347731,0.005606894403488734,0.0008306510227390718,0.04018274322500259,0.003322604090956287,0.002491953068217215,0.004776243380749662,0.0018689648011629115,0.003945592358010591,0.0,0.5139653203198007,0.6489461115148998,Strong Dem,0.3003841760980168,0.8195644659522987,0.16418942274455584,0.01244382993432423,0.0038022813688212928,1896,0.6553750432077429,Splitt,Cavagnolo,Safe,False,98056,2.95035489924125,Extra Large
3101,2306.0,969.0,508.0,634.0,17.0,0.0,140.0,9.0,5.0,9.0,2.0,13.0,0.0,191.0,97.0,11.0,2.0,301.0,191,97,11,2,301,False,True,False,zone1_precinct,True,True,True,0.4202081526452732,0.22029488291413704,0.27493495229835213,0.007372072853425846,0.0,0.060711188204683436,0.0039028620988725065,0.002168256721595837,0.0039028620988725065,0.0008673026886383347,0.005637467476149176,0.0,0.19991326973113618,0.6405030355594102,Lean Dem,0.1305290546400694,0.6345514950166113,0.3222591362126246,0.036544850498338874,0.006644518272425249,94,0.3122923588039867,Splitt,Cavagnolo,Safe,False,98056,0.306967447173044,Medium
3301,1329.0,692.0,207.0,347.0,9.0,0.0,62.0,6.0,1.0,4.0,1.0,0.0,0.0,221.0,92.0,3.0,2.0,318.0,221,92,3,2,318,False,True,False,zone1_precinct,True,True,True,0.5206922498118887,0.15575620767494355,0.26109857035364936,0.006772009029345372,0.0,0.046651617757712566,0.004514672686230248,0.0007524454477050414,0.0030097817908201654,0.0007524454477050414,0.0,0.0,0.3649360421369451,0.6764484574868322,Strong Dem,0.23927765237020315,0.6949685534591195,0.2893081761006289,0.009433962264150943,0.006289308176100629,129,0.4056603773584906,Splitt,Cavagnolo,Safe,False,98056,0.32430447907318266,Medium
3302,8805.0,4930.0,522.0,2736.0,42.0,6.0,393.0,39.0,20.0,47.0,25.0,44.0,1.0,1466.0,448.0,34.0,9.0,1957.0,1466,448,34,9,1957,False,True,False,zone1_precinct,True,True,True,0.5599091425326519,0.05928449744463373,0.310732538330494,0.004770017035775128,0.0006814310051107325,0.04463373083475298,0.004429301533219762,0.002271436683702442,0.005337876206700738,0.0028392958546280523,0.004997160704145372,0.00011357183418512209,0.5006246450880182,0.6191936399772856,Strong Dem,0.22226007950028392,0.7491057741440981,0.228921819110884,0.017373530914665303,0.004598875830352581,1018,0.5201839550332141,Splitt,Cavagnolo,Safe,False,98056,1.9957983193277309,Extra Large
3303,9533.0,4606.0,497.0,3599.0,64.0,8.0,467.0,54.0,56.0,54.0,43.0,85.0,0.0,1263.0,290.0,53.0,8.0,1614.0,1263,290,53,8,1614,False,True,False,zone1_precinct,True,True,True,0.48316374698416026,0.05213469002412672,0.37753068289101016,0.006713521451799014,0.0008391901814748768,0.04898772684359593,0.005664533724955418,0.005874331270324137,0.005664533724955418,0.004510647225427463,0.008916395678170565,0.0,0.4310290569600335,0.5352984370082869,Strong Dem,0.16930661911255637,0.7825278810408922,0.17967781908302355,0.03283767038413878,0.004956629491945477,973,0.6028500619578686,Splitt,Cavagnolo,Safe,False,98056,1.6459982051072857,Extra Large
3304,8816.0,4878.0,643.0,2786.0,29.0,5.0,372.0,35.0,18.0,22.0,18.0,9.0,1.0,1707.0,623.0,38.0,9.0,2377.0,1707,623,38,9,2377,False,True,False,zone1_precinct,True,True,True,0.5533121597096189,0.07293557168784029,0.31601633393829404,0.003289473684210526,0.0005671506352087115,0.04219600725952813,0.00397005444646098,0.002041742286751361,0.0024954627949183303,0.002041742286751361,0.0010208711433756805,0.00011343012704174228,0.4803765880217786,0.6262477313974592,Strong Dem,0.26962341197822143,0.7181320992848128,0.26209507782919644,0.015986537652503154,0.0037862852334875894,1084,0.4560370214556163,Splitt,Cavagnolo,Safe,False,98056,2.424124989801746,Extra Large
3305,35.0,15.0,9.0,10.0,0.0,0.0,1.0,0.0,0.0,0.0,0.0,0.0,0.0,7.0,3.0,0.0,0.0,10.0,7,3,0,0,10,False,True,False,zone1_precinct,True,True,True,0.42857142857142855,0.2571428571428571,0.2857142857142857,0.0,0.0,0.02857142857142857,0.0,0.0,0.0,0.0,0.0,0.0,0.17142857142857143,0.6857142857142857,Lean Dem,0.2857142857142857,0.7,0.3,0.0,0.0,4,0.4,Splitt,Cavagnolo,Safe,False,98056,0.010198254058905116,Small
3306,8812.0,4054.0,488.0,3444.0,86.0,14.0,453.0,64.0,39.0,53.0,38.0,79.0,0.0,908.0,268.0,34.0,6.0,1216.0,908,268,34,6,1216,False,True,False,zone1_precinct,True,True,True,0.46005447117566955,0.05537902859736723,0.3908306854289605,0.009759418974126192,0.0015887426236949613,0.05140717203812982,0.007262823422605538,0.00442578302315025,0.006014525646845211,0.004312301407172038,0.008965047662278711,0.0,0.40467544257830235,0.5154334997730368,Strong Dem,0.13799364502950523,0.7467105263157895,0.22039473684210525,0.027960526315789474,0.004934210526315789,640,0.5263157894736842,Splitt,Cavagnolo,Safe,False,98056,1.240107693562862,Extra Large
3307,6109.0,3359.0,288.0,2038.0,27.0,1.0,261.0,34.0,26.0,28.0,22.0,24.0,1.0,1004.0,253.0,22.0,4.0,1283.0,1004,253,22,4,1283,False,True,False,zone1_precinct,True,True,True,0.5498444917335079,0.04714355868390899,0.3336061548534948,0.0044197086266164675,0.0001636929120969062,0.04272385005729252,0.005565559011294811,0.004256015714519562,0.004583401538713373,0.0036012440661319363,0.003928629890325749,0.0001636929120969062,0.502700933049599,0.5969880504174169,Strong Dem,0.21001800622033065,0.7825409197194076,0.19719407638347622,0.0171473109898675,0.003117692907248636,751,0.5853468433359315,Splitt,Cavagnolo,Safe,False,98056,1.3084359957575262,Extra Large
3308,4110.0,2218.0,229.0,1379.0,28.0,3.0,142.0,28.0,7.0,21.0,22.0,32.0,1.0,752.0,136.0,21.0,2.0,911.0,752,136,21,2,911,False,True,False,zone1_precinct,True,True,True,0.5396593673965937,0.055717761557177614,0.33552311435523113,0.006812652068126521,0.00072992700729927,0.03454987834549878,0.006812652068126521,0.0017031630170316302,0.0051094890510948905,0.00535279805352798,0.007785888077858881,0.00024330900243309004,0.4839416058394161,0.5953771289537713,Strong Dem,0.221654501216545,0.8254665203073546,0.14928649835345773,0.02305159165751921,0.0021953896816684962,616,0.6761800219538968,Splitt,Cavagnolo,Safe,False,98056,0.929060944766256,Large
3401,828.0,408.0,76.0,292.0,5.0,0.0,42.0,1.0,0.0,3.0,1.0,0.0,0.0,146.0,55.0,2.0,0.0,203.0,146,55,2,0,203,False,True,False,zone1_precinct,True,True,True,0.4927536231884058,0.09178743961352658,0.3526570048309179,0.006038647342995169,0.0,0.050724637681159424,0.0012077294685990338,0.0,0.0036231884057971015,0.0012077294685990338,0.0,0.0,0.40096618357487923,0.5845410628019324,Strong Dem,0.24516908212560387,0.7192118226600985,0.270935960591133,0.009852216748768473,0.0,91,0.4482758620689655,Splitt,Cavagnolo,Safe,False,98056,0.20702455739577386,Small
3402,167.0,79.0,23.0,55.0,1.0,0.0,9.0,0.0,0.0,0.0,0.0,0.0,0.0,0.0,0.0,0.0,0.0,0.0,0,0,0,0,0,False,False,True,other_precinct,True,False,False,0.47305389221556887,0.1377245508982036,0.32934131736526945,0.005988023952095809,0.0,0.05389221556886228,0.0,0.0,0.0,0.0,0.0,0.0,0.33532934131736525,0.6107784431137725,Strong Dem,0.0,0.0,0.0,0.0,0.0,0,0.0,No Data,No Data,No Data,False,98056,0.0,Small
3801,1282.0,617.0,211.0,359.0,4.0,0.0,78.0,8.0,1.0,3.0,0.0,0.0,1.0,13.0,9.0,0.0,0.0,22.0,13,9,0,0,22,False,True,False,zone1_precinct,True,True,True,0.48127925117004683,0.16458658346333854,0.2800312012480499,0.0031201248049922,0.0,0.060842433697347896,0.0062402496099844,0.00078003120124805,0.00234009360374415,0.0,0.0,0.00078003120124805,0.3166926677067083,0.6458658346333854,Strong Dem,0.0171606864274571,0.5909090909090909,0.4090909090909091,0.0,0.0,4,0.18181818181818182,Splitt,Cavagnolo,Safe,False,98056,0.022436158929591252,Medium
3802,2203.0,1110.0,342.0,596.0,11.0,0.0,115.0,9.0,5.0,8.0,3.0,4.0,0.0,375.0,144.0,12.0,1.0,532.0,375,144,12,1,532,False,True,False,zone1_precinct,True,True,True,0.5038583749432592,0.15524285065819338,0.2705401724920563,0.004993191103041307,0.0,0.05220154334997731,0.0040853381752156154,0.0022696323195642307,0.003631411711302769,0.0013617793917385383,0.0018157058556513845,0.0,0.34861552428506587,0.6591012256014526,Strong Dem,0.24148887880163414,0.7048872180451128,0.2706766917293233,0.022556390977443608,0.0018796992481203006,231,0.4342105263157895,Splitt,Cavagnolo,Safe,False,98056,0.5425471159337522,Medium
3803,8641.0,5070.0,864.0,2195.0,35.0,0.0,344.0,47.0,14.0,35.0,13.0,20.0,4.0,2127.0,682.0,33.0,14.0,2856.0,2127,682,33,14,2856,False,True,False,zone1_precinct,True,True,True,0.5867376461057748,0.0999884272653628,0.2540215252864252,0.004050457123018169,0.0,0.03981020715195001,0.005439185279481541,0.0016201828492072676,0.004050457123018169,0.00150445550283532,0.002314546927438954,0.0004629093854877908,0.486749218840412,0.6867260733711377,Strong Dem,0.3305173012382826,0.7447478991596639,0.23879551820728293,0.011554621848739496,0.004901960784313725,1445,0.5059523809523809,Splitt,Cavagnolo,Safe,False,98056,2.912621359223301,Extra Large
3804,3956.0,2056.0,411.0,1241.0,22.0,1.0,165.0,23.0,4.0,17.0,6.0,10.0,0.0,714.0,226.0,20.0,6.0,966.0,714,226,20,6,966,False,True,False,zone1_precinct,True,True,True,0.5197168857431749,0.1038928210313448,0.3137007077856421,0.005561172901921132,0.0002527805864509606,0.041708796764408494,0.005813953488372093,0.0010111223458038423,0.004297269969666329,0.0015166835187057635,0.0025278058645096056,0.0,0.4158240647118301,0.6236097067745197,Strong Dem,0.2441860465116279,0.7391304347826086,0.23395445134575568,0.020703933747412008,0.006211180124223602,488,0.505175983436853,Splitt,Cavagnolo,Safe,False,98056,0.9851513420902341,Large
3805,7567.0,4109.0,660.0,2318.0,21.0,3.0,337.0,43.0,21.0,26.0,15.0,14.0,0.0,1527.0,408.0,33.0,5.0,1973.0,1527,408,33,5,1973,False,True,False,zone1_precinct,True,True,True,0.5430157261794635,0.08722082727633144,0.30633011761596407,0.0027752081406105457,0.00039645830580150654,0.04453548301836924,0.005682569049821594,0.0027752081406105457,0.003435971983613057,0.001982291529007533,0.0018501387604070306,0.0,0.455794898903132,0.6302365534557949,Strong Dem,0.2607374124487908,0.7739483020780538,0.20679168778509882,0.016725798276735936,0.002534211860111505,1119,0.5671566142929549,Splitt,Cavagnolo,Safe,False,98056,2.0121155258219794,Extra Large
3806,184.0,104.0,6.0,62.0,0.0,0.0,10.0,1.0,1.0,0.0,0.0,0.0,0.0,,,,,,0,0,0,0,0,False,False,True,other_precinct,True,False,False,0.5652173913043478,0.03260869565217391,0.33695652173913043,0.0,0.0,0.05434782608695652,0.005434782608695652,0.005434782608695652,0.0,0.0,0.0,0.0,0.5326086956521738,0.5978260869565217,Strong Dem,0.0,0.0,0.0,0.0,0.0,0,0.0,No Data,No Data,No Data,False,98056,0.0,Small
4101,3213.0,2046.0,221.0,779.0,10.0,1.0,126.0,10.0,3.0,8.0,5.0,4.0,0.0,960.0,197.0,16.0,7.0,1180.0,960,197,16,7,1180,False,True,False,zone1_precinct,True,True,True,0.6367880485527544,0.06878306878306878,0.24245253657018362,0.003112356053532524,0.0003112356053532524,0.0392156862745098,0.003112356053532524,0.0009337068160597573,0.0024898848428260194,0.001556178026766262,0.0012449424214130097,0.0,0.5680049797696856,0.7055711173358232,Strong Dem,0.36725801431683786,0.8135593220338984,0.1669491525423729,0.013559322033898305,0.005932203389830509,763,0.6466101694915254,Splitt,Cavagnolo,Safe,False,98056,1.2033939789508037,Large
4102,3480.0,2124.0,203.0,922.0,19.0,0.0,152.0,16.0,7.0,19.0,8.0,10.0,0.0,799.0,148.0,17.0,3.0,967.0,799,148,17,3,967,False,True,False,zone1_precinct,True,True,True,0.6103448275862069,0.058333333333333334,0.2649425287356322,0.005459770114942529,0.0,0.04367816091954023,0.004597701149425287,0.002011494252873563,0.005459770114942529,0.0022988505747126436,0.0028735632183908046,0.0,0.5520114942528735,0.6686781609195402,Strong Dem,0.2778735632183908,0.8262668045501551,0.15305067218200621,0.017580144777662874,0.0031023784901758012,651,0.6732161323681489,Splitt,Cavagnolo,Safe,False,98056,0.9861711674961247,Large
4103,4057.0,2576.0,319.0,928.0,17.0,1.0,164.0,8.0,5.0,22.0,7.0,10.0,0.0,1213.0,306.0,20.0,10.0,1549.0,1213,306,20,10,1549,False,True,False,zone1_precinct,True,True,True,0.6349519349272862,0.07862952920877496,0.22874044860734533,0.004190288390436283,0.00024648755237860487,0.0404239585900912,0.001971900419028839,0.0012324377618930244,0.005422726152329307,0.0017254128666502342,0.002464875523786049,0.0,0.5563224057185112,0.7135814641360612,Strong Dem,0.38180921863445894,0.7830858618463525,0.197546804389929,0.012911555842479019,0.006455777921239509,907,0.5855390574564235,Splitt,Cavagnolo,Safe,False,98056,1.5797095537244024,Large
4104,6139.0,3741.0,353.0,1653.0,44.0,7.0,225.0,19.0,12.0,29.0,19.0,37.0,0.0,1671.0,283.0,24.0,8.0,1986.0,1671,283,24,8,1986,False,True,False,zone1_precinct,True,True,True,0.6093826356084053,0.05750122169734485,0.26926209480371394,0.007167291089754032,0.0011402508551881414,0.03665092034533311,0.003094966606939241,0.0019547157517510994,0.004723896400065157,0.003094966606939241,0.00602704023456589,0.0,0.5518814139110605,0.6668838573057502,Strong Dem,0.323505456914807,0.8413897280966768,0.14249748237663645,0.012084592145015106,0.004028197381671702,1388,0.6988922457200403,Splitt,Cavagnolo,Safe,False,98056,2.025373256098556,Extra Large
4105,7445.0,4753.0,340.0,1943.0,39.0,0.0,262.0,23.0,15.0,30.0,21.0,19.0,0.0,2001.0,333.0,30.0,9.0,2373.0,2001,333,30,9,2373,False,True,False,zone1_precinct,True,True,True,0.6384150436534587,0.04566823371390195,0.2609805238415044,0.005238415043653459,0.0,0.03519140362659503,0.0030893216924110143,0.0020147750167897917,0.004029550033579583,0.0028206850235057085,0.0025520483546004028,0.0,0.5927468099395568,0.6840832773673606,Strong Dem,0.31873740765614506,0.843236409608091,0.14032869785082175,0.012642225031605562,0.0037926675094816687,1668,0.7029077117572693,Splitt,Cavagnolo,Safe,False,98056,2.420045688178184,Extra Large
4201,6474.0,3739.0,215.0,2097.0,33.0,3.0,218.0,34.0,16.0,46.0,35.0,38.0,0.0,1333.0,164.0,17.0,1.0,1515.0,1333,164,17,1,1515,False,True,False,zone1_precinct,True,True,True,0.5775409329626197,0.03320976212542478,0.32391102873030586,0.005097312326227989,0.0004633920296570899,0.03367315415508187,0.005251776336113685,0.002471424158171146,0.007105344454742045,0.0054062403459993824,0.005869632375656472,0.0,0.5443311708371948,0.6107506950880445,Strong Dem,0.2340129749768304,0.8798679867986798,0.10825082508250825,0.011221122112211221,0.0006600660066006601,1169,0.7716171617161716,Splitt,Cavagnolo,Safe,False,98056,1.545035489924125,Extra Large
4202,9000.0,5848.0,239.0,2403.0,49.0,2.0,271.0,36.0,19.0,76.0,33.0,24.0,0.0,2257.0,318.0,32.0,1.0,2608.0,2257,318,32,1,2608,False,True,False,zone1_precinct,True,True,True,0.6497777777777778,0.026555555555555554,0.267,0.0054444444444444445,0.00022222222222222223,0.030111111111111113,0.004,0.002111111111111111,0.008444444444444444,0.0036666666666666666,0.0026666666666666666,0.0,0.6232222222222222,0.6763333333333333,Strong Dem,0.2897777777777778,0.8654141104294478,0.12193251533742332,0.012269938650306749,0.0003834355828220859,1939,0.7434815950920245,Splitt,Cavagnolo,Safe,False,98056,2.659704658562454,Extra Large
4203,8236.0,5134.0,307.0,2340.0,35.0,2.0,244.0,41.0,18.0,58.0,22.0,35.0,0.0,2047.0,282.0,28.0,5.0,2362.0,2047,282,28,5,2362,False,True,False,zone1_precinct,True,True,True,0.6233608547838757,0.03727537639630889,0.2841185041282176,0.004249635745507528,0.00024283632831471587,0.02962603205439534,0.004978144730451675,0.002185526954832443,0.007042253521126761,0.0026711996114618746,0.004249635745507528,0.0,0.5860854783875669,0.6606362311801846,Strong Dem,0.28678970373967944,0.8666384419983065,0.11939034716342083,0.011854360711261643,0.0021168501270110076,1765,0.7472480948348857,Splitt,Cavagnolo,Safe,False,98056,2.408827608713388,Extra Large
4204,7862.0,4986.0,240.0,2170.0,31.0,4.0,261.0,34.0,19.0,57.0,29.0,31.0,0.0,2115.0,281.0,16.0,9.0,2421.0,2115,281,16,9,2421,False,True,False,zone1_precinct,True,True,True,0.6341897735945052,0.030526583566522512,0.27601119308064104,0.003943017044009158,0.0005087763927753752,0.03319765962859323,0.0043245993385906895,0.0024166878656830325,0.007250063597049097,0.00368862884762147,0.003943017044009158,0.0,0.6036631900279827,0.6647163571610277,Strong Dem,0.30793691172729587,0.8736059479553904,0.1160677406030566,0.00660883932259397,0.0037174721189591076,1834,0.7575382073523338,Splitt,Cavagnolo,Safe,False,98056,2.4689973076609286,Extra Large
4205,8771.0,5076.0,231.0,2902.0,41.0,6.0,283.0,44.0,26.0,62.0,48.0,52.0,0.0,1425.0,178.0,21.0,6.0,1630.0,1425,178,21,6,1630,False,True,False,zone1_precinct,True,True,True,0.578725344886558,0.026336791699920193,0.3308630714855775,0.004674495496522631,0.0006840725116862387,0.03226542013453426,0.005016531752365751,0.0029643142173070344,0.007068749287424467,0.00547258009348991,0.005928628434614069,0.0,0.5523885531866378,0.6050621365864782,Strong Dem,0.18583969900809486,0.8742331288343558,0.10920245398773006,0.012883435582822086,0.0036809815950920245,1247,0.7650306748466258,Splitt,Cavagnolo,Safe,False,98056,1.6623154116015337,Extra Large
4206,6621.0,3796.0,220.0,2129.0,40.0,4.0,251.0,40.0,17.0,50.0,24.0,50.0,0.0,1351.0,183.0,26.0,5.0,1565.0,1351,183,26,5,1565,False,True,False,zone1_precinct,True,True,True,0.5733272919498565,0.03322760912248905,0.32155263555354174,0.006041383476816191,0.0006041383476816191,0.0379096813170216,0.006041383476816191,0.002567587977646881,0.007551729346020239,0.0036248300860897147,0.007551729346020239,0.0,0.5400996828273675,0.6065549010723456,Strong Dem,0.23636912853043346,0.8632587859424921,0.11693290734824281,0.016613418530351438,0.003194888178913738,1168,0.7463258785942491,Splitt,Cavagnolo,Safe,False,98056,1.5960267602186506,Extra Large
4207,3762.0,2469.0,163.0,927.0,17.0,1.0,127.0,14.0,5.0,17.0,10.0,12.0,0.0,1024.0,194.0,7.0,5.0,1230.0,1024,194,7,5,1230,False,True,False,zone1_precinct,True,True,True,0.6562998405103668,0.04332801701222754,0.24641148325358853,0.004518872939925572,0.0002658160552897395,0.03375863902179692,0.003721424774056353,0.0013290802764486975,0.004518872939925572,0.002658160552897395,0.003189792663476874,0.0,0.6129718234981393,0.6996278575225944,Strong Dem,0.3269537480063796,0.832520325203252,0.15772357723577235,0.005691056910569106,0.0040650406504065045,830,0.6747967479674797,Splitt,Cavagnolo,Safe,False,98056,1.2543852492453293,Large
4208,3553.0,2380.0,169.0,818.0,18.0,1.0,112.0,23.0,5.0,12.0,4.0,10.0,1.0,1004.0,203.0,16.0,5.0,1228.0,1004,203,16,5,1228,False,True,False,zone1_precinct,True,True,True,0.6698564593301436,0.04756543765831692,0.23022797635800732,0.0050661412890515055,0.00028145229383619476,0.031522656909653814,0.00647340275823248,0.0014072614691809737,0.0033774275260343373,0.001125809175344779,0.0028145229383619475,0.00028145229383619476,0.6222910216718267,0.7174218969884605,Strong Dem,0.3456234168308472,0.8175895765472313,0.16530944625407165,0.013029315960912053,0.004071661237785016,801,0.6522801302931596,Splitt,Cavagnolo,Safe,False,98056,1.2523455984335483,Large
4301,5177.0,3134.0,144.0,1564.0,22.0,4.0,181.0,21.0,12.0,28.0,17.0,50.0,0.0,975.0,134.0,26.0,2.0,1137.0,975,134,26,2,1137,False,True,False,zone1_precinct,True,True,True,0.6053699053505891,0.027815337067799883,0.3021054664863821,0.004249565385358316,0.0007726482518833301,0.03496233339772069,0.004056403322387483,0.0023179447556499902,0.0054085377631833105,0.003283755070504153,0.009658103148541626,0.0,0.5775545682827892,0.633185242418389,Strong Dem,0.21962526559783657,0.8575197889182058,0.11785400175901495,0.022867194371152155,0.001759014951627089,841,0.7396657871591908,Splitt,Cavagnolo,Safe,False,98056,1.1595414864975115,Large
4302,7357.0,4175.0,200.0,2510.0,30.0,4.0,252.0,35.0,22.0,44.0,25.0,60.0,0.0,1130.0,170.0,22.0,3.0,1325.0,1130,170,22,3,1325,False,True,False,zone1_precinct,True,True,True,0.5674867473154819,0.027184993883376377,0.34117167323637354,0.004077749082506457,0.0005436998776675275,0.03425309229305423,0.004757373929590866,0.0029903493271714013,0.005980698654342803,0.003398124235422047,0.008155498165012914,0.0,0.5403017534321055,0.5946717411988582,Strong Dem,0.18010058447736849,0.8528301886792453,0.12830188679245283,0.01660377358490566,0.0022641509433962265,960,0.7245283018867924,Splitt,Cavagnolo,Safe,False,98056,1.351268662804928,Extra Large
4303,8768.0,5589.0,198.0,2482.0,54.0,3.0,239.0,40.0,18.0,56.0,21.0,68.0,0.0,1792.0,188.0,37.0,7.0,2024.0,1792,188,37,7,2024,False,True,False,zone1_precinct,True,True,True,0.6374315693430657,0.022582116788321168,0.2830748175182482,0.0061587591240875915,0.00034215328467153286,0.027258211678832116,0.004562043795620438,0.002052919708029197,0.006386861313868613,0.00239507299270073,0.007755474452554745,0.0,0.6148494525547445,0.6600136861313868,Strong Dem,0.23083941605839417,0.8853754940711462,0.09288537549407115,0.018280632411067192,0.003458498023715415,1604,0.7924901185770751,Splitt,Cavagnolo,Safe,False,98056,2.0641266215223957,Extra Large
4304,8252.0,5246.0,247.0,2266.0,41.0,4.0,288.0,29.0,19.0,41.0,21.0,50.0,0.0,2027.0,254.0,35.0,5.0,2321.0,2027,254,35,5,2321,False,True,False,zone1_precinct,True,True,True,0.6357246728065924,0.029932137663596703,0.27460009694619486,0.0049684924866698985,0.0004847309743092584,0.0349006301502666,0.003514299563742123,0.0023024721279689773,0.0049684924866698985,0.0025448376151236064,0.0060591371788657295,0.0,0.6057925351429957,0.6656568104701891,Strong Dem,0.28126514784294715,0.8733304610081861,0.10943558810857389,0.015079707022834985,0.002154243860404998,1773,0.7638948728996122,Splitt,Cavagnolo,Safe,False,98056,2.3670147670718773,Extra Large
4305,8369.0,5506.0,288.0,2178.0,51.0,4.0,212.0,21.0,12.0,44.0,16.0,37.0,0.0,2069.0,298.0,26.0,7.0,2400.0,2069,298,26,7,2400,False,True,False,zone1_precinct,True,True,True,0.6579041701517505,0.03441271358585255,0.2602461464930099,0.006093918030828056,0.0004779543553590632,0.02533158083403035,0.002509260365635082,0.0014338630660771896,0.005257497908949695,0.0019118174214362528,0.004421077787071335,0.0,0.623491456565898,0.692316883737603,Strong Dem,0.2867726132154379,0.8620833333333333,0.12416666666666666,0.010833333333333334,0.002916666666666667,1771,0.7379166666666667,Splitt,Cavagnolo,Safe,False,98056,2.4475809741372276,Extra Large
4306,7724.0,5126.0,365.0,1836.0,26.0,1.0,261.0,30.0,16.0,24.0,24.0,14.0,1.0,2146.0,428.0,20.0,4.0,2598.0,2146,428,20,4,2598,False,True,False,zone1_precinct,True,True,True,0.6636457793889177,0.04725530813050233,0.2377006732263076,0.0033661315380631796,0.0001294665976178146,0.03379078197824961,0.0038839979285344383,0.0020714655618850335,0.0031071983428275505,0.0031071983428275505,0.0018125323666494044,0.0001294665976178146,0.6163904712584154,0.7109010875194199,Strong Dem,0.33635422061108233,0.8260200153964589,0.16474210931485758,0.007698229407236336,0.001539645881447267,1718,0.6612779060816012,Splitt,Cavagnolo,Safe,False,98056,2.649506404503549,Extra Large
4307,8734.0,5458.0,353.0,2420.0,33.0,2.0,305.0,33.0,11.0,52.0,22.0,45.0,0.0,2050.0,316.0,29.0,5.0,2400.0,2050,316,29,5,2400,False,True,False,zone1_precinct,True,True,True,0.6249141286924662,0.040416762079230596,0.2770780856423174,0.003778337531486146,0.0002289901534234028,0.03492099839706893,0.003778337531486146,0.0012594458438287153,0.005953743989008472,0.0025188916876574307,0.005152278452026563,0.0,0.5844973666132356,0.6653308907716968,Strong Dem,0.27478818410808337,0.8541666666666666,0.13166666666666665,0.012083333333333333,0.0020833333333333333,1734,0.7225,Splitt,Cavagnolo,Safe,False,98056,2.4475809741372276,Extra Large
4401,6096.0,3282.0,349.0,2077.0,43.0,3.0,202.0,32.0,13.0,22.0,12.0,61.0,0.0,1053.0,205.0,33.0,5.0,1296.0,1053,205,33,5,1296,False,True,False,zone1_precinct,True,True,True,0.5383858267716536,0.057250656167979,0.3407152230971129,0.007053805774278215,0.0004921259842519685,0.03313648293963255,0.005249343832020997,0.00213254593175853,0.0036089238845144356,0.001968503937007874,0.010006561679790027,0.0,0.4811351706036746,0.5956364829396326,Strong Dem,0.2125984251968504,0.8125,0.15817901234567902,0.02546296296296296,0.0038580246913580245,848,0.654320987654321,Splitt,Cavagnolo,Safe,False,98056,1.321693726034103,Extra Large
4402,7880.0,4154.0,430.0,2806.0,46.0,6.0,238.0,25.0,21.0,57.0,24.0,73.0,0.0,1352.0,263.0,30.0,11.0,1656.0,1352,263,30,11,1656,False,True,False,zone1_precinct,True,True,True,0.5271573604060914,0.05456852791878172,0.35609137055837564,0.0058375634517766496,0.0007614213197969543,0.03020304568527919,0.0031725888324873096,0.00266497461928934,0.007233502538071066,0.003045685279187817,0.009263959390862945,0.0,0.47258883248730965,0.5817258883248732,Strong Dem,0.2101522842639594,0.8164251207729468,0.15881642512077296,0.018115942028985508,0.006642512077294686,1089,0.657608695652174,Splitt,Cavagnolo,Safe,False,98056,1.6888308721546872,Extra Large
4403,9581.0,5213.0,489.0,3282.0,55.0,11.0,306.0,35.0,21.0,36.0,22.0,109.0,2.0,1675.0,330.0,49.0,18.0,2072.0,1675,330,49,18,2072,False,True,False,zone1_precinct,True,True,True,0.5440976933514247,0.05103851372508089,0.34255296941864105,0.0057405281285878304,0.001148105625717566,0.03193821104268865,0.003653063354555892,0.002191838012733535,0.003757436593257489,0.002296211251435132,0.011376683018474063,0.00020874647740319382,0.49305917962634377,0.5951362070765056,Strong Dem,0.2162613505897088,0.8083976833976834,0.15926640926640925,0.02364864864864865,0.008687258687258687,1345,0.6491312741312741,Splitt,Cavagnolo,Safe,False,98056,2.11307824100514,Extra Large
4404,7751.0,4804.0,398.0,2114.0,38.0,2.0,265.0,25.0,11.0,46.0,9.0,38.0,1.0,1870.0,333.0,27.0,3.0,2233.0,1870,333,27,3,2233,False,True,False,zone1_precinct,True,True,True,0.6197909947103599,0.05134821313378919,0.27273900141917173,0.004902593213778867,0.0002580312217778351,0.03418913688556315,0.003225390272222939,0.0014191717197780931,0.005934718100890208,0.001161140498000258,0.004902593213778867,0.00012901561088891756,0.5684427815765707,0.6711392078441492,Strong Dem,0.2880918591149529,0.8374384236453202,0.14912673533363188,0.012091356918943126,0.0013434841021047917,1537,0.6883116883116883,Splitt,Cavagnolo,Safe,False,98056,2.2772701313535126,Extra Large
4405,9768.0,5732.0,351.0,3095.0,54.0,7.0,285.0,45.0,27.0,58.0,42.0,71.0,1.0,1996.0,262.0,34.0,10.0,2302.0,1996,262,34,10,2302,False,True,False,zone1_precinct,True,True,True,0.5868140868140869,0.03593366093366093,0.31685094185094187,0.005528255528255528,0.0007166257166257166,0.029176904176904175,0.004606879606879607,0.002764127764127764,0.005937755937755937,0.0042997542997543,0.007268632268632269,0.00010237510237510238,0.550880425880426,0.6227477477477478,Strong Dem,0.23566748566748566,0.8670721112076455,0.11381407471763684,0.014769765421372719,0.004344048653344918,1734,0.7532580364900087,Splitt,Cavagnolo,Safe,False,98056,2.3476380843599576,Extra Large
4406,8846.0,4104.0,775.0,3342.0,67.0,6.0,357.0,42.0,41.0,36.0,16.0,59.0,1.0,1180.0,329.0,50.0,10.0,1569.0,1180,329,50,10,1569,False,True,False,zone1_precinct,True,True,True,0.46393850327831787,0.08761021930816189,0.37779787474564774,0.00757404476599593,0.0006782726656115759,0.04035722360388876,0.004747908659281031,0.004634863215012435,0.004069635993669455,0.0018087271082975356,0.006669681211847162,0.00011304544426859598,0.376328283970156,0.5515487225864798,Strong Dem,0.1773683020574271,0.7520713830465264,0.20968769917144678,0.03186743148502231,0.006373486297004461,851,0.5423836838750796,Splitt,Cavagnolo,Safe,False,98056,1.6001060618422127,Extra Large
4407,53.0,17.0,9.0,18.0,2.0,0.0,6.0,0.0,0.0,0.0,0.0,1.0,0.0,0.0,0.0,0.0,0.0,0.0,0,0,0,0,0,False,False,True,other_precinct,True,False,False,0.32075471698113206,0.16981132075471697,0.33962264150943394,0.03773584905660377,0.0,0.11320754716981132,0.0,0.0,0.0,0.0,0.018867924528301886,0.0,0.1509433962264151,0.49056603773584906,Lean Dem,0.0,0.0,0.0,0.0,0.0,0,0.0,No Data,No Data,No Data,False,98056,0.0,Small
4501,9517.0,6414.0,545.0,2131.0,37.0,0.0,294.0,22.0,13.0,30.0,10.0,21.0,0.0,2935.0,482.0,43.0,13.0,3473.0,2935,482,43,13,3473,False,True,False,zone1_precinct,True,True,True,0.6739518755910476,0.05726594515078281,0.22391509929599665,0.003887779762530209,0.0,0.030892087842807607,0.002311652831774719,0.0013659766733214247,0.0031522538615109804,0.0010507512871703267,0.0022065777030576862,0.0,0.6166859304402649,0.7312178207418304,Strong Dem,0.3649259220342545,0.845090699683271,0.13878491217967176,0.012381226605240426,0.003743161531816873,2453,0.7063057875035992,Splitt,Cavagnolo,Safe,False,98056,3.541853634657747,Extra Large
4502,9389.0,5796.0,535.0,2479.0,48.0,3.0,341.0,37.0,16.0,56.0,22.0,55.0,1.0,2382.0,404.0,43.0,7.0,2836.0,2382,404,43,7,2836,False,True,False,zone1_precinct,True,True,True,0.6173181382468846,0.056981574182554055,0.2640323783150495,0.00511236553413569,0.00031952284588348065,0.0363190968154223,0.003940781765896261,0.0017041218447118968,0.005964426456491639,0.002343167536478858,0.005857918841197146,0.00010650761529449355,0.5603365640643306,0.6742997124294386,Strong Dem,0.30205559697518375,0.8399153737658674,0.14245416078984485,0.015162200282087448,0.002468265162200282,1978,0.6974612129760226,Splitt,Cavagnolo,Safe,False,98056,2.8922248511054907,Extra Large
4503,9227.0,5103.0,771.0,2790.0,52.0,8.0,341.0,39.0,15.0,45.0,18.0,45.0,0.0,1849.0,374.0,39.0,14.0,2276.0,1849,374,39,14,2276,False,True,False,zone1_precinct,True,True,True,0.5530508290885445,0.08355911997398938,0.30237346916657637,0.0056356345507749,0.0008670207001192153,0.03695675734258155,0.004226725913081175,0.0016256638127235287,0.004876991438170586,0.0019507965752682346,0.004876991438170586,0.0,0.4694917091145552,0.6366099490625339,Strong Dem,0.24666738918391676,0.812390158172232,0.16432337434094904,0.017135325131810195,0.006151142355008787,1475,0.6480667838312829,Splitt,Cavagnolo,Safe,False,98056,2.3211226238068043,Extra Large
4504,629.0,334.0,76.0,158.0,7.0,0.0,36.0,4.0,1.0,3.0,3.0,7.0,0.0,,,,,,0,0,0,0,0,False,False,True,other_precinct,True,False,False,0.5310015898251192,0.12082670906200318,0.25119236883942764,0.011128775834658187,0.0,0.057233704292527825,0.006359300476947536,0.001589825119236884,0.0047694753577106515,0.0047694753577106515,0.011128775834658187,0.0,0.41017488076311603,0.6518282988871225,Strong Dem,0.0,0.0,0.0,0.0,0.0,0,0.0,No Data,No Data,No Data,False,98056,0.0,Small
4505,3107.0,1674.0,167.0,1032.0,31.0,0.0,123.0,11.0,10.0,20.0,11.0,27.0,1.0,531.0,78.0,13.0,1.0,623.0,531,78,13,1,623,False,True,False,zone1_precinct,True,True,True,0.5387833923398777,0.05374959768265208,0.3321532024460895,0.009977470228516253,0.0,0.03958802703572578,0.003540392661731574,0.0032185387833923397,0.006437077566784679,0.003540392661731574,0.008690054715159318,0.000321853878339234,0.4850337946572256,0.5925329900225298,Strong Dem,0.2005149662053428,0.8523274478330658,0.12520064205457465,0.02086677367576244,0.0016051364365971107,453,0.7271268057784912,Splitt,Cavagnolo,Safe,False,98056,0.6353512278697887,Large
4506,9497.0,5437.0,646.0,2817.0,75.0,3.0,298.0,57.0,25.0,50.0,28.0,59.0,2.0,1937.0,334.0,36.0,19.0,2326.0,1937,334,36,19,2326,False,True,False,zone1_precinct,True,True,True,0.5724965778666947,0.06802148046751606,0.2966199852585027,0.007897230704432979,0.00031588922817731913,0.03137832999894703,0.006001895335369064,0.002632410234810993,0.005264820469621986,0.002948299462988312,0.0062124881541539435,0.00021059281878487945,0.5044750973991786,0.6405180583342108,Strong Dem,0.24491944824681477,0.8327601031814273,0.14359415305245055,0.015477214101461736,0.00816852966466036,1603,0.6891659501289767,Splitt,Cavagnolo,Safe,False,98056,2.3721138941013296,Extra Large
4507,509.0,206.0,55.0,212.0,2.0,0.0,18.0,2.0,4.0,3.0,0.0,7.0,0.0,,,,,,0,0,0,0,0,False,False,True,other_precinct,True,False,False,0.40471512770137524,0.10805500982318271,0.4165029469548134,0.003929273084479371,0.0,0.03536345776031434,0.003929273084479371,0.007858546168958742,0.005893909626719057,0.0,0.0137524557956778,0.0,0.2966601178781925,0.5127701375245579,Strong Dem,0.0,0.0,0.0,0.0,0.0,0,0.0,No Data,No Data,No Data,False,98056,0.0,Small
4508,8671.0,3637.0,1117.0,3307.0,70.0,10.0,352.0,47.0,21.0,34.0,18.0,56.0,2.0,,,,,,0,0,0,0,0,False,False,True,other_precinct,True,False,False,0.41944412409180026,0.1288202052819744,0.3813862299619421,0.008072886633606273,0.0011532695190866105,0.04059508707184869,0.005420366739707069,0.002421865990081882,0.003921116364894475,0.0020758851343558988,0.006458309306885019,0.0002306539038173221,0.29062391880982585,0.5482643293737747,Strong Dem,0.0,0.0,0.0,0.0,0.0,0,0.0,No Data,No Data,No Data,False,98056,0.0,Extra Large
4509,1241.0,542.0,209.0,411.0,6.0,0.0,55.0,8.0,2.0,1.0,1.0,6.0,0.0,,,,,,0,0,0,0,0,False,False,True,other_precinct,True,False,False,0.43674456083803387,0.16841257050765512,0.3311845286059629,0.004834810636583401,0.0,0.0443190975020145,0.0064464141821112,0.0016116035455278,0.0008058017727639,0.0008058017727639,0.004834810636583401,0.0,0.26833199033037874,0.6051571313456889,Strong Dem,0.0,0.0,0.0,0.0,0.0,0,0.0,No Data,No Data,No Data,False,98056,0.0,Medium
4601,7934.0,4827.0,425.0,2228.0,43.0,6.0,280.0,21.0,13.0,47.0,10.0,34.0,0.0,1952.0,305.0,37.0,7.0,2301.0,1952,305,37,7,2301,False,True,False,zone1_precinct,True,True,True,0.6083942525838165,0.05356692714897908,0.2808167380892362,0.005419712629190825,0.0007562389715149988,0.03529115200403327,0.0026468364003024956,0.0016385177716158306,0.005923871943534157,0.0012603982858583312,0.004285354171918326,0.0,0.5548273254348375,0.6619611797327956,Strong Dem,0.290017645576002,0.8483268144285093,0.13255106475445458,0.016079965232507605,0.003042155584528466,1647,0.7157757496740548,Splitt,Cavagnolo,Safe,False,98056,2.3466182589540674,Extra Large
4602,7324.0,4236.0,423.0,2220.0,44.0,2.0,242.0,24.0,9.0,51.0,23.0,48.0,2.0,1720.0,259.0,29.0,10.0,2018.0,1720,259,29,10,2018,False,True,False,zone1_precinct,True,True,True,0.5783724740578918,0.057755324959038776,0.3031130529765156,0.006007646095030038,0.00027307482250136535,0.03304205352266521,0.0032768978700163844,0.0012288367012561442,0.006963407973784817,0.0031403604587657017,0.006553795740032769,0.00027307482250136535,0.520617149098853,0.6361277990169306,Strong Dem,0.2755324959038777,0.8523290386521308,0.12834489593657086,0.014370664023785926,0.004955401387512388,1461,0.72398414271556,Splitt,Cavagnolo,Safe,False,98056,2.0580076690870523,Extra Large
4603,5308.0,2909.0,368.0,1692.0,38.0,3.0,180.0,26.0,10.0,35.0,14.0,32.0,1.0,1112.0,197.0,20.0,6.0,1335.0,1112,197,20,6,1335,False,True,False,zone1_precinct,True,True,True,0.5480406932931424,0.0693293142426526,0.31876412961567446,0.007159005275056519,0.0005651846269781462,0.03391107761868877,0.0048982667671439335,0.0018839487565938207,0.0065938206480783725,0.0026375282592313487,0.006028636021100226,0.00018839487565938207,0.4787113790504898,0.6173700075357951,Strong Dem,0.25150715900527504,0.8329588014981273,0.14756554307116104,0.0149812734082397,0.0044943820224719105,915,0.6853932584269663,Splitt,Cavagnolo,Safe,False,98056,1.361466916863833,Large
4604,7992.0,4043.0,636.0,2767.0,60.0,2.0,319.0,35.0,16.0,47.0,27.0,39.0,1.0,1432.0,265.0,32.0,15.0,1744.0,1432,265,32,15,1744,False,True,False,zone1_precinct,True,True,True,0.5058808808808809,0.07957957957957958,0.34622122122122123,0.0075075075075075074,0.00025025025025025025,0.03991491491491492,0.0043793793793793796,0.002002002002002002,0.005880880880880881,0.0033783783783783786,0.00487987987987988,0.00012512512512512512,0.42630130130130134,0.5854604604604605,Strong Dem,0.2182182182182182,0.8211009174311926,0.15194954128440366,0.01834862385321101,0.008600917431192661,1167,0.669151376146789,Splitt,Cavagnolo,Safe,False,98056,1.7785755078730523,Extra Large
4605,7356.0,3054.0,691.0,3093.0,62.0,15.0,237.0,53.0,21.0,43.0,19.0,68.0,0.0,856.0,189.0,31.0,20.0,1096.0,856,189,31,20,1096,False,True,False,zone1_precinct,True,True,True,0.41517128874388254,0.09393692224034801,0.4204730831973899,0.008428493746601413,0.0020391517128874386,0.03221859706362153,0.007205002718868951,0.0028548123980424145,0.005845568243610658,0.002582925502990756,0.009244154431756389,0.0,0.32123436650353454,0.5091082109842305,Strong Dem,0.14899401848830887,0.781021897810219,0.17244525547445255,0.028284671532846715,0.01824817518248175,667,0.6085766423357665,Splitt,Cavagnolo,Safe,False,98056,1.1177286448560007,Extra Large
4606,7496.0,3045.0,727.0,3207.0,54.0,10.0,268.0,48.0,15.0,31.0,25.0,65.0,1.0,698.0,141.0,28.0,4.0,871.0,698,141,28,4,871,False,True,False,zone1_precinct,True,True,True,0.40621664887940234,0.09698505869797225,0.4278281750266809,0.00720384204909285,0.0013340448239060833,0.03575240128068303,0.0064034151547491995,0.002001067235859125,0.004135538954108858,0.0033351120597652083,0.008671291355389542,0.00013340448239060833,0.3092315901814301,0.5032017075773746,Strong Dem,0.11619530416221985,0.801377726750861,0.1618828932261768,0.03214695752009185,0.004592422502870264,557,0.6394948335246843,Splitt,Cavagnolo,Safe,False,98056,0.8882679285306356,Extra Large
4607,5693.0,2288.0,543.0,2428.0,51.0,11.0,205.0,46.0,14.0,31.0,10.0,61.0,5.0,618.0,173.0,23.0,6.0,820.0,618,173,23,6,820,False,True,False,zone1_precinct,True,True,True,0.40189706657298435,0.09538029158615843,0.4264886702968558,0.008958369927981732,0.0019321974354470403,0.036009134024240295,0.008080098366414896,0.002459160372387142,0.005445283681714386,0.001756543123133673,0.010714913051115405,0.0008782715615668365,0.30651677498682595,0.49727735815914276,Strong Dem,0.14403653609696118,0.7536585365853659,0.21097560975609755,0.02804878048780488,0.007317073170731708,445,0.5426829268292683,Splitt,Cavagnolo,Safe,False,98056,0.8362568328302196,Large
4608,60.0,25.0,8.0,24.0,0.0,0.0,2.0,0.0,0.0,0.0,0.0,1.0,0.0,4.0,2.0,0.0,0.0,6.0,4,2,0,0,6,False,True,False,zone1_precinct,True,True,True,0.4166666666666667,0.13333333333333333,0.4,0.0,0.0,0.03333333333333333,0.0,0.0,0.0,0.0,0.016666666666666666,0.0,0.2833333333333333,0.55,Strong Dem,0.1,0.6666666666666666,0.3333333333333333,0.0,0.0,2,0.3333333333333333,Splitt,Cavagnolo,Safe,False,98056,0.006118952435343069,Small
4701,164.0,41.0,22.0,92.0,0.0,0.0,5.0,0.0,1.0,1.0,1.0,1.0,0.0,,,,,,0,0,0,0,0,False,False,True,other_precinct,True,False,False,0.25,0.13414634146341464,0.5609756097560976,0.0,0.0,0.03048780487804878,0.0,0.006097560975609756,0.006097560975609756,0.006097560975609756,0.006097560975609756,0.0,0.11585365853658536,0.38414634146341464,Lean Dem,0.0,0.0,0.0,0.0,0.0,0,0.0,No Data,No Data,No Data,False,98056,0.0,Small
4702,2907.0,1242.0,411.0,1035.0,27.0,4.0,129.0,15.0,10.0,6.0,2.0,25.0,1.0,3.0,1.0,0.0,0.0,4.0,3,1,0,0,4,False,True,False,zone1_precinct,True,True,True,0.42724458204334365,0.14138286893704852,0.3560371517027864,0.009287925696594427,0.0013759889920880633,0.04437564499484004,0.005159958720330237,0.0034399724802201583,0.0020639834881320948,0.0006879944960440316,0.008599931200550396,0.0003439972480220158,0.28586171310629516,0.5686274509803921,Strong Dem,0.0013759889920880633,0.75,0.25,0.0,0.0,2,0.5,Splitt,Cavagnolo,Safe,False,98056,0.004079301623562046,Medium
4703,7097.0,2766.0,1057.0,2832.0,46.0,5.0,257.0,33.0,21.0,18.0,6.0,56.0,0.0,,,,,,0,0,0,0,0,False,False,True,other_precinct,True,False,False,0.3897421445681274,0.14893617021276595,0.39904184866845144,0.006481611948710723,0.0007045230379033394,0.036212484148231645,0.004649852050162041,0.0029589967591940255,0.0025362829364520218,0.0008454276454840073,0.007890658024517402,0.0,0.24080597435536144,0.5386783147808933,Strong Dem,0.0,0.0,0.0,0.0,0.0,0,0.0,No Data,No Data,No Data,False,98056,0.0,Extra Large
4704,5634.0,1914.0,859.0,2488.0,53.0,9.0,203.0,28.0,14.0,21.0,10.0,34.0,1.0,,,,,,0,0,0,0,0,False,False,True,other_precinct,True,False,False,0.3397231096911608,0.15246716364927226,0.4416045438409656,0.009407170749023783,0.001597444089456869,0.036031238906638265,0.004969826056088037,0.0024849130280440185,0.003727369542066028,0.001774937877174299,0.006034788782392616,0.0001774937877174299,0.18725594604188855,0.4921902733404331,Lean Dem,0.0,0.0,0.0,0.0,0.0,0,0.0,No Data,No Data,No Data,False,98056,0.0,Large
4705,4493.0,1852.0,707.0,1656.0,22.0,4.0,163.0,30.0,5.0,16.0,10.0,28.0,0.0,,,,,,0,0,0,0,0,False,False,True,other_precinct,True,False,False,0.412196750500779,0.1573558869352326,0.36857333630091255,0.004896505675495215,0.0008902737591809482,0.03627865568662364,0.006677053193857111,0.001112842198976185,0.0035610950367237926,0.00222568439795237,0.006231916314266637,0.0,0.25484086356554636,0.5695526374360116,Strong Dem,0.0,0.0,0.0,0.0,0.0,0,0.0,No Data,No Data,No Data,False,98056,0.0,Large
4706,3920.0,1654.0,582.0,1430.0,26.0,2.0,150.0,18.0,6.0,8.0,7.0,36.0,1.0,,,,,,0,0,0,0,0,False,False,True,other_precinct,True,False,False,0.4219387755102041,0.14846938775510204,0.3647959183673469,0.0066326530612244895,0.0005102040816326531,0.03826530612244898,0.004591836734693878,0.001530612244897959,0.0020408163265306124,0.0017857142857142857,0.009183673469387756,0.00025510204081632655,0.27346938775510204,0.5704081632653062,Strong Dem,0.0,0.0,0.0,0.0,0.0,0,0.0,No Data,No Data,No Data,False,98056,0.0,Large
4707,8197.0,3510.0,925.0,3174.0,56.0,3.0,335.0,42.0,28.0,38.0,14.0,71.0,1.0,,,,,,0,0,0,0,0,False,False,True,other_precinct,True,False,False,0.4282054410150055,0.11284616323045016,0.38721483469562035,0.006831767719897523,0.0003659875564230816,0.04086861046724411,0.005123825789923143,0.0034158838599487617,0.004635842381359034,0.0017079419299743809,0.008661705502012932,0.0001219958521410272,0.31535927778455536,0.5410516042454556,Strong Dem,0.0,0.0,0.0,0.0,0.0,0,0.0,No Data,No Data,No Data,False,98056,0.0,Extra Large
4708,8241.0,3063.0,1096.0,3567.0,48.0,11.0,279.0,46.0,14.0,29.0,22.0,65.0,1.0,,,,,,0,0,0,0,0,False,False,True,other_precinct,True,False,False,0.3716781943938842,0.13299356874165758,0.43283582089552236,0.005824535857298871,0.001334789467297658,0.03385511467054969,0.005581846863244752,0.0016988229583788375,0.003518990413784735,0.002669578934595316,0.00788739230675889,0.00012134449702705982,0.23868462565222665,0.5046717631355417,Strong Dem,0.0,0.0,0.0,0.0,0.0,0,0.0,No Data,No Data,No Data,False,98056,0.0,Extra Large
4709,1591.0,557.0,197.0,721.0,20.0,2.0,58.0,9.0,7.0,8.0,3.0,9.0,0.0,,,,,,0,0,0,0,0,False,False,True,other_precinct,True,False,False,0.3500942803268385,0.12382149591451917,0.45317410433689503,0.01257071024512885,0.001257071024512885,0.036455059710873663,0.0056568196103079825,0.0043997485857950975,0.00502828409805154,0.0018856065367693275,0.0056568196103079825,0.0,0.2262727844123193,0.47391577624135767,Strong Dem,0.0,0.0,0.0,0.0,0.0,0,0.0,No Data,No Data,No Data,False,98056,0.0,Medium
4710,2102.0,756.0,251.0,940.0,16.0,4.0,82.0,9.0,10.0,10.0,2.0,22.0,0.0,,,,,,0,0,0,0,0,False,False,True,other_precinct,True,False,False,0.35965746907706947,0.11941008563273073,0.44719314938154137,0.007611798287345386,0.0019029495718363464,0.0390104662226451,0.004281636536631779,0.004757373929590866,0.004757373929590866,0.0009514747859181732,0.010466222645099905,0.0,0.24024738344433874,0.4790675547098002,Strong Dem,0.0,0.0,0.0,0.0,0.0,0,0.0,No Data,No Data,No Data,False,98056,0.0,Medium
4801,983.0,346.0,105.0,470.0,7.0,1.0,36.0,7.0,0.0,6.0,1.0,4.0,0.0,60.0,21.0,4.0,0.0,85.0,60,21,4,0,85,False,True,False,zone1_precinct,True,True,True,0.35198372329603256,0.10681586978636826,0.47812817904374366,0.007121057985757884,0.001017293997965412,0.03662258392675483,0.007121057985757884,0.0,0.006103763987792472,0.001017293997965412,0.004069175991861648,0.0,0.2451678535096643,0.4587995930824008,Strong Dem,0.08646998982706001,0.7058823529411765,0.24705882352941178,0.047058823529411764,0.0,39,0.4588235294117647,Splitt,Cavagnolo,Safe,False,98056,0.08668515950069348,Small
4802,7673.0,2887.0,932.0,3356.0,62.0,11.0,277.0,34.0,19.0,30.0,14.0,50.0,1.0,,,,,,0,0,0,0,0,False,False,True,other_precinct,True,False,False,0.37625439854033627,0.12146487684087058,0.43737781832399325,0.00808028150658152,0.0014335983318128503,0.036100612537469046,0.004431122116512446,0.002476215300404014,0.003909813632216865,0.0018245796950345367,0.0065163560536947735,0.00013032712107389547,0.25478952169946567,0.49771927538120686,Strong Dem,0.0,0.0,0.0,0.0,0.0,0,0.0,No Data,No Data,No Data,False,98056,0.0,Extra Large
4803,4988.0,1560.0,692.0,2445.0,37.0,8.0,149.0,26.0,12.0,11.0,9.0,39.0,0.0,,,,,,0,0,0,0,0,False,False,True,other_precinct,True,False,False,0.31275060144346434,0.13873295910184444,0.4901764234161989,0.007417802726543705,0.0016038492381716118,0.02987169206094627,0.0052125100240577385,0.0024057738572574178,0.0022052927024859663,0.0018043303929430633,0.007818765036086608,0.0,0.1740176423416199,0.4514835605453088,Lean Dem,0.0,0.0,0.0,0.0,0.0,0,0.0,No Data,No Data,No Data,False,98056,0.0,Large
4804,8110.0,2709.0,1226.0,3680.0,44.0,8.0,273.0,47.0,25.0,30.0,12.0,56.0,0.0,,,,,,0,0,0,0,0,False,False,True,other_precinct,True,False,False,0.3340320591861899,0.15117139334155363,0.45376078914919854,0.005425400739827373,0.0009864364981504315,0.033662145499383476,0.005795314426633786,0.0030826140567200987,0.0036991368680641184,0.0014796547472256474,0.0069050554870530205,0.0,0.18286066584463626,0.48520345252774355,Lean Dem,0.0,0.0,0.0,0.0,0.0,0,0.0,No Data,No Data,No Data,False,98056,0.0,Extra Large
4805,552.0,137.0,70.0,305.0,7.0,0.0,19.0,5.0,2.0,1.0,0.0,6.0,0.0,,,,,,0,0,0,0,0,False,False,True,other_precinct,True,False,False,0.24818840579710144,0.12681159420289856,0.552536231884058,0.012681159420289856,0.0,0.034420289855072464,0.009057971014492754,0.0036231884057971015,0.0018115942028985507,0.0,0.010869565217391304,0.0,0.12137681159420288,0.375,Lean Dem,0.0,0.0,0.0,0.0,0.0,0,0.0,No Data,No Data,No Data,False,98056,0.0,Small
4806,8315.0,2818.0,1406.0,3564.0,64.0,9.0,300.0,49.0,23.0,15.0,15.0,50.0,2.0,,,,,,0,0,0,0,0,False,False,True,other_precinct,True,False,False,0.33890559230306677,0.16909200240529165,0.4286229705351774,0.0076969332531569455,0.0010823812387251955,0.03607937462417318,0.005892964521948286,0.002766085387853277,0.0018039687312086591,0.0018039687312086591,0.006013229104028864,0.00024052916416115455,0.16981358989777512,0.5079975947083584,Lean Dem,0.0,0.0,0.0,0.0,0.0,0,0.0,No Data,No Data,No Data,False,98056,0.0,Extra Large
4807,430.0,122.0,115.0,166.0,3.0,0.0,24.0,0.0,0.0,0.0,0.0,0.0,0.0,,,,,,0,0,0,0,0,False,False,True,other_precinct,True,False,False,0.2837209302325581,0.26744186046511625,0.386046511627907,0.0069767441860465115,0.0,0.05581395348837209,0.0,0.0,0.0,0.0,0.0,0.0,0.016279069767441867,0.5511627906976744,Competitive,0.0,0.0,0.0,0.0,0.0,0,0.0,No Data,No Data,No Data,False,98056,0.0,Small
4808,2604.0,853.0,574.0,1006.0,19.0,3.0,115.0,16.0,3.0,2.0,3.0,9.0,1.0,,,,,,0,0,0,0,0,False,False,True,other_precinct,True,False,False,0.32757296466973884,0.22043010752688172,0.38632872503840243,0.007296466973886329,0.001152073732718894,0.044162826420890935,0.006144393241167435,0.001152073732718894,0.0007680491551459293,0.001152073732718894,0.0034562211981566822,0.00038402457757296467,0.10714285714285712,0.5480030721966206,Lean Dem,0.0,0.0,0.0,0.0,0.0,0,0.0,No Data,No Data,No Data,False,98056,0.0,Medium
4809,17.0,6.0,4.0,5.0,1.0,0.0,1.0,0.0,0.0,0.0,0.0,0.0,0.0,,,,,,0,0,0,0,0,False,False,True,other_precinct,True,False,False,0.35294117647058826,0.23529411764705882,0.29411764705882354,0.058823529411764705,0.0,0.058823529411764705,0.0,0.0,0.0,0.0,0.0,0.0,0.11764705882352944,0.5882352941176471,Lean Dem,0.0,0.0,0.0,0.0,0.0,0,0.0,No Data,No Data,No Data,False,98056,0.0,Small
4901,146.0,48.0,31.0,54.0,2.0,1.0,6.0,0.0,0.0,2.0,0.0,2.0,0.0,,,,,,0,0,0,0,0,False,False,True,other_precinct,True,False,False,0.3287671232876712,0.21232876712328766,0.3698630136986301,0.0136986301369863,0.00684931506849315,0.0410958904109589,0.0,0.0,0.0136986301369863,0.0,0.0136986301369863,0.0,0.11643835616438356,0.5410958904109588,Lean Dem,0.0,0.0,0.0,0.0,0.0,0,0.0,No Data,No Data,No Data,False,98056,0.0,Small
4902,328.0,131.0,88.0,72.0,4.0,0.0,26.0,3.0,2.0,1.0,1.0,0.0,0.0,,,,,,0,0,0,0,0,False,False,True,other_precinct,True,False,False,0.39939024390243905,0.2682926829268293,0.21951219512195122,0.012195121951219513,0.0,0.07926829268292683,0.009146341463414634,0.006097560975609756,0.003048780487804878,0.003048780487804878,0.0,0.0,0.13109756097560976,0.6676829268292683,Lean Dem,0.0,0.0,0.0,0.0,0.0,0,0.0,No Data,No Data,No Data,False,98056,0.0,Small
4903,6733.0,2224.0,1228.0,2788.0,49.0,9.0,317.0,47.0,15.0,16.0,5.0,33.0,2.0,,,,,,0,0,0,0,0,False,False,True,other_precinct,True,False,False,0.3303133818505867,0.1823852665973563,0.4140799049457894,0.007277587999405911,0.0013366998366255755,0.04708153869003416,0.0069805435912668945,0.002227833061042626,0.002376355265112134,0.0007426110203475419,0.004901232734293777,0.0002970444081390168,0.14792811525323038,0.512698648447943,Lean Dem,0.0,0.0,0.0,0.0,0.0,0,0.0,No Data,No Data,No Data,False,98056,0.0,Extra Large
4904,2387.0,657.0,421.0,1139.0,12.0,3.0,107.0,18.0,3.0,8.0,6.0,11.0,2.0,,,,,,0,0,0,0,0,False,False,True,other_precinct,True,False,False,0.27524088814411396,0.1763720150816925,0.47716799329702553,0.005027230833682447,0.0012568077084206116,0.04482614160033515,0.00754084625052367,0.0012568077084206116,0.0033514872224549644,0.0025136154168412233,0.004608294930875576,0.0008378718056137411,0.09886887306242145,0.4516129032258065,Lean Dem,0.0,0.0,0.0,0.0,0.0,0,0.0,No Data,No Data,No Data,False,98056,0.0,Medium
4905,8394.0,2545.0,2148.0,3071.0,59.0,15.0,430.0,49.0,9.0,29.0,11.0,28.0,0.0,,,,,,0,0,0,0,0,False,False,True,other_precinct,True,False,False,0.3031927567309983,0.2558970693352395,0.36585656421253276,0.00702883011675006,0.0017869907076483202,0.05122706695258518,0.0058375029783178465,0.001072194424588992,0.003454848701453419,0.0013104598522754348,0.0033357159876101976,0.0,0.047295687395758845,0.5590898260662378,Competitive,0.0,0.0,0.0,0.0,0.0,0,0.0,No Data,No Data,No Data,False,98056,0.0,Extra Large
4906,3456.0,1023.0,721.0,1457.0,26.0,7.0,159.0,29.0,9.0,7.0,3.0,15.0,0.0,,,,,,0,0,0,0,0,False,False,True,other_precinct,True,False,False,0.2960069444444444,0.20862268518518517,0.42158564814814814,0.007523148148148148,0.002025462962962963,0.04600694444444445,0.008391203703703705,0.0026041666666666665,0.002025462962962963,0.0008680555555555555,0.004340277777777778,0.0,0.08738425925925924,0.5046296296296295,Lean Dem,0.0,0.0,0.0,0.0,0.0,0,0.0,No Data,No Data,No Data,False,98056,0.0,Large
4907,6282.0,1936.0,1032.0,2903.0,43.0,5.0,244.0,38.0,14.0,12.0,6.0,47.0,2.0,,,,,,0,0,0,0,0,False,False,True,other_precinct,True,False,False,0.3081821076090417,0.16427889207258833,0.462113976440624,0.0068449538363578475,0.000795924864692773,0.03884113339700732,0.0060490289716650745,0.002228589621139764,0.0019102196752626551,0.0009551098376313276,0.0074816937281120665,0.0003183699458771092,0.14390321553645335,0.47246099968163,Lean Dem,0.0,0.0,0.0,0.0,0.0,0,0.0,No Data,No Data,No Data,False,98056,0.0,Extra Large
4908,8668.0,2717.0,1678.0,3604.0,54.0,8.0,452.0,52.0,24.0,19.0,14.0,46.0,0.0,,,,,,0,0,0,0,0,False,False,True,other_precinct,True,False,False,0.3134517766497462,0.19358560221504384,0.4157821873557914,0.006229810798338717,0.0009229349330872173,0.05214582371942778,0.005999077065066913,0.0027688047992616522,0.0021919704660821413,0.0016151361329026304,0.0053068758652515,0.0,0.11986617443470238,0.5070373788647901,Lean Dem,0.0,0.0,0.0,0.0,0.0,0,0.0,No Data,No Data,No Data,False,98056,0.0,Extra Large
4909,6747.0,2266.0,908.0,3111.0,44.0,9.0,256.0,29.0,27.0,21.0,14.0,62.0,0.0,,,,,,0,0,0,0,0,False,False,True,other_precinct,True,False,False,0.335852971691122,0.13457833111012302,0.46109381947532235,0.006521416926041203,0.0013339261894175188,0.03794278938787609,0.004298206610345339,0.004001778568252557,0.0031124944419742106,0.002074996294649474,0.00918926930487624,0.0,0.20127464058099898,0.470431302801245,Strong Dem,0.0,0.0,0.0,0.0,0.0,0,0.0,No Data,No Data,No Data,False,98056,0.0,Extra Large
4910,503.0,170.0,69.0,223.0,3.0,0.0,23.0,4.0,2.0,1.0,0.0,8.0,0.0,,,,,,0,0,0,0,0,False,False,True,other_precinct,True,False,False,0.3379721669980119,0.13717693836978131,0.4433399602385686,0.005964214711729622,0.0,0.04572564612326044,0.007952286282306162,0.003976143141153081,0.0019880715705765406,0.0,0.015904572564612324,0.0,0.2007952286282306,0.4751491053677932,Strong Dem,0.0,0.0,0.0,0.0,0.0,0,0.0,No Data,No Data,No Data,False,98056,0.0,Small
5001,194.0,54.0,33.0,98.0,0.0,0.0,2.0,3.0,0.0,1.0,0.0,3.0,0.0,,,,,,0,0,0,0,0,False,False,True,other_precinct,True,False,False,0.27835051546391754,0.17010309278350516,0.5051546391752577,0.0,0.0,0.010309278350515464,0.015463917525773196,0.0,0.005154639175257732,0.0,0.015463917525773196,0.0,0.10824742268041238,0.4484536082474227,Lean Dem,0.0,0.0,0.0,0.0,0.0,0,0.0,No Data,No Data,No Data,False,98056,0.0,Small
5002,8149.0,2569.0,1319.0,3663.0,72.0,10.0,352.0,51.0,22.0,21.0,11.0,59.0,0.0,,,,,,0,0,0,0,0,False,False,True,other_precinct,True,False,False,0.31525340532580687,0.1618603509633084,0.4495030065038655,0.008835439931279911,0.0012271444348999877,0.043195484108479565,0.006258436617989937,0.002699717756779973,0.0025770033132899743,0.0013498588783899864,0.007240152165909928,0.0,0.15339305436249848,0.47711375628911523,Lean Dem,0.0,0.0,0.0,0.0,0.0,0,0.0,No Data,No Data,No Data,False,98056,0.0,Extra Large
5003,623.0,203.0,103.0,274.0,6.0,0.0,26.0,4.0,0.0,1.0,1.0,4.0,1.0,,,,,,0,0,0,0,0,False,False,True,other_precinct,True,False,False,0.3258426966292135,0.1653290529695024,0.43980738362760835,0.009630818619582664,0.0,0.04173354735152488,0.006420545746388443,0.0,0.0016051364365971107,0.0016051364365971107,0.006420545746388443,0.0016051364365971107,0.1605136436597111,0.4911717495987159,Lean Dem,0.0,0.0,0.0,0.0,0.0,0,0.0,No Data,No Data,No Data,False,98056,0.0,Small
5004,4798.0,1443.0,1214.0,1856.0,32.0,4.0,193.0,18.0,4.0,7.0,10.0,16.0,1.0,,,,,,0,0,0,0,0,False,False,True,other_precinct,True,False,False,0.3007503126302626,0.25302209253855773,0.38682784493538974,0.006669445602334306,0.0008336807002917883,0.040225093789078785,0.003751563151313047,0.0008336807002917883,0.0014589412255106293,0.0020842017507294707,0.003334722801167153,0.00020842017507294707,0.047728220091704854,0.5537724051688203,Competitive,0.0,0.0,0.0,0.0,0.0,0,0.0,No Data,No Data,No Data,False,98056,0.0,Large
5005,8214.0,2738.0,1563.0,3267.0,65.0,4.0,411.0,46.0,25.0,20.0,18.0,56.0,1.0,,,,,,0,0,0,0,0,False,False,True,other_precinct,True,False,False,0.3333333333333333,0.19028487947406866,0.3977355734112491,0.007913318724129535,0.0004869734599464329,0.05003652300949598,0.0056001947893839785,0.003043584124665206,0.0024348672997321647,0.002191380569758948,0.006817628439250061,0.00012174336498660823,0.14304845385926465,0.523618212807402,Lean Dem,0.0,0.0,0.0,0.0,0.0,0,0.0,No Data,No Data,No Data,False,98056,0.0,Extra Large
5006,6874.0,2338.0,1704.0,2365.0,39.0,4.0,337.0,35.0,11.0,16.0,6.0,19.0,0.0,,,,,,0,0,0,0,0,False,False,True,other_precinct,True,False,False,0.34012219959266804,0.247890602269421,0.3440500436427117,0.005673552516729706,0.0005819028222286878,0.04902531277276695,0.0050916496945010185,0.0016002327611288915,0.0023276112889147513,0.0008728542333430317,0.002764038405586267,0.0,0.09223159732324704,0.588012801862089,Lean Dem,0.0,0.0,0.0,0.0,0.0,0,0.0,No Data,No Data,No Data,False,98056,0.0,Extra Large
5007,9077.0,2652.0,1811.0,3888.0,70.0,10.0,458.0,81.0,18.0,30.0,10.0,48.0,1.0,,,,,,0,0,0,0,0,False,False,True,other_precinct,True,False,False,0.29216701553376667,0.19951525834526826,0.428335353090228,0.0077117990525504025,0.0011016855789357718,0.050457199515258344,0.008923653189379752,0.001983034042084389,0.003305056736807315,0.0011016855789357718,0.005288090778891704,0.00011016855789357717,0.09265175718849841,0.49168227387903496,Lean Dem,0.0,0.0,0.0,0.0,0.0,0,0.0,No Data,No Data,No Data,False,98056,0.0,Extra Large
5008,7795.0,2281.0,1975.0,2975.0,59.0,12.0,383.0,44.0,12.0,10.0,7.0,37.0,0.0,,,,,,0,0,0,0,0,False,False,True,other_precinct,True,False,False,0.2926234765875561,0.25336754329698524,0.3816549069916613,0.007568954457985888,0.0015394483643361128,0.049134060295060934,0.005644644002565747,0.0015394483643361128,0.0012828736369467607,0.0008980115458627325,0.004746632456703015,0.0,0.039255933290570866,0.5459910198845414,Competitive,0.0,0.0,0.0,0.0,0.0,0,0.0,No Data,No Data,No Data,False,98056,0.0,Extra Large
5009,296.0,74.0,103.0,105.0,0.0,0.0,9.0,2.0,1.0,0.0,0.0,2.0,0.0,,,,,,0,0,0,0,0,False,False,True,other_precinct,True,False,False,0.25,0.34797297297297297,0.3547297297297297,0.0,0.0,0.030405405405405407,0.006756756756756757,0.0033783783783783786,0.0,0.0,0.006756756756756757,0.0,-0.09797297297297297,0.597972972972973,Lean Rep,0.0,0.0,0.0,0.0,0.0,0,0.0,No Data,No Data,No Data,False,98056,0.0,Small
5201,3179.0,832.0,916.0,1229.0,18.0,2.0,155.0,8.0,4.0,4.0,4.0,7.0,0.0,,,,,,0,0,0,0,0,False,False,True,other_precinct,True,False,False,0.26171752123309217,0.2881409248191255,0.38659955960994025,0.005662157911292859,0.0006291286568103177,0.048757470902799624,0.0025165146272412707,0.0012582573136206354,0.0012582573136206354,0.0012582573136206354,0.002201950298836112,0.0,-0.026423403586033345,0.5498584460522177,Competitive,0.0,0.0,0.0,0.0,0.0,0,0.0,No Data,No Data,No Data,False,98056,0.0,Large
5202,5685.0,1703.0,1816.0,1785.0,42.0,6.0,272.0,25.0,9.0,15.0,3.0,9.0,0.0,,,,,,0,0,0,0,0,False,False,True,other_precinct,True,False,False,0.2995602462620932,0.31943711521547935,0.31398416886543534,0.007387862796833773,0.0010554089709762533,0.04784520668425682,0.0043975373790677225,0.0015831134564643799,0.002638522427440633,0.0005277044854881266,0.0015831134564643799,0.0,-0.01987686895338614,0.6189973614775726,Competitive,0.0,0.0,0.0,0.0,0.0,0,0.0,No Data,No Data,No Data,False,98056,0.0,Large
clackamas,,,,,,,,,,,,,,28.0,14.0,0.0,1.0,43.0,28,14,0,1,43,True,False,False,county_summary,False,True,False,0.0,0.0,0.0,0.0,0.0,0.0,0.0,0.0,0.0,0.0,0.0,0.0,0.0,0.0,No Data,0.0,0.6511627906976745,0.32558139534883723,0.0,0.023255813953488372,14,0.32558139534883723,Splitt,Cavagnolo,Safe,False,98056,0.0,Unknown
washington,,,,,,,,,,,,,,228.0,83.0,5.0,2.0,318.0,228,83,5,2,318,True,False,False,county_summary,False,True,False,0.0,0.0,0.0,0.0,0.0,0.0,0.0,0.0,0.0,0.0,0.0,0.0,0.0,0.0,No Data,0.0,0.7169811320754716,0.2610062893081761,0.015723270440251572,0.006289308176100629,145,0.4559748427672956,Splitt,Cavagnolo,Safe,False,98056,0.0,Unknown
